params_id,dataset,algorithm,f1,precision,recall,support,predicted,files,estimator,smoothing,period,s_w,p_w,half_d_w,q,delay,errors
S1PNA_SW3_Q0.002,JMeter,FluxEV,0.17618892153661989,0.9908200734394125,0.09669135212613474,16744,1634,7,MOM,1,,3,5,2,0.002,7,0
S1PNA_SW3_Q0.002,Prometheus 27 指标,FluxEV,0.48429262656171007,0.9574528840662478,0.32411793136781053,10345,3502,27,MOM,1,,3,5,2,0.002,7,0
S1PNA_SW3_Q0.0025,JMeter,FluxEV,0.18009118541033434,0.9875,0.09908026755852843,16744,1680,7,MOM,1,,3,5,2,0.0025,7,0
S1PNA_SW3_Q0.0025,Prometheus 27 指标,FluxEV,0.4833501513622603,0.9501275148767356,0.32411793136781053,10345,3529,27,MOM,1,,3,5,2,0.0025,7,0
S1PNA_SW3_Q0.003,JMeter,FluxEV,0.18401386331636518,0.9866434378629501,0.10146918299092213,16744,1722,7,MOM,1,,3,5,2,0.003,7,0
S1PNA_SW3_Q0.003,Prometheus 27 指标,FluxEV,0.48213387015601417,0.9407968574635241,0.32411793136781053,10345,3564,27,MOM,1,,3,5,2,0.003,7,0
S1PNA_SW3_Q0.0035,JMeter,FluxEV,0.18399393545592377,0.9854988399071926,0.10146918299092213,16744,1724,7,MOM,1,,3,5,2,0.0035,7,0
S1PNA_SW3_Q0.0035,Prometheus 27 指标,FluxEV,0.531954756783013,0.9426955238563699,0.3705171580473659,10345,4066,27,MOM,1,,3,5,2,0.0035,7,0
S1PNA_SW3_Q0.004,JMeter,FluxEV,0.22931953756004853,0.9877216916780355,0.12971810797897754,16744,2199,7,MOM,1,,3,5,2,0.004,7,0
S1PNA_SW3_Q0.004,Prometheus 27 指标,FluxEV,0.5544365813826891,0.9363364743737072,0.39381343644272593,10345,4351,27,MOM,1,,3,5,2,0.004,7,0
S1PNA_SW3_Q0.0045,JMeter,FluxEV,0.4207164227379316,0.651188986232791,0.31073817486860966,16744,7990,7,MOM,1,,3,5,2,0.0045,7,0
S1PNA_SW3_Q0.0045,Prometheus 27 指标,FluxEV,0.5456499747091552,0.7887040760372875,0.417109714838086,10345,5471,27,MOM,1,,3,5,2,0.0045,7,0
S1PNA_SW3_Q0.005,JMeter,FluxEV,0.420699413786133,0.6511074959329245,0.31073817486860966,16744,7991,7,MOM,1,,3,5,2,0.005,7,0
S1PNA_SW3_Q0.005,Prometheus 27 指标,FluxEV,0.49663348103815386,0.6136234357224118,0.417109714838086,10345,7032,27,MOM,1,,3,5,2,0.005,7,0
S1PNA_SW4_Q0.002,JMeter,FluxEV,0.18014985340427841,0.9910394265232975,0.09908026755852843,16744,1674,7,MOM,1,,4,5,2,0.002,7,0
S1PNA_SW4_Q0.002,Prometheus 27 指标,FluxEV,0.48429262656171007,0.9574528840662478,0.32411793136781053,10345,3502,27,MOM,1,,4,5,2,0.002,7,0
S1PNA_SW4_Q0.0025,JMeter,FluxEV,0.1801205146300418,0.9892665474060823,0.09908026755852843,16744,1677,7,MOM,1,,4,5,2,0.0025,7,0
S1PNA_SW4_Q0.0025,Prometheus 27 指标,FluxEV,0.5084913671101047,0.9487721151307104,0.3473175447075882,10345,3787,27,MOM,1,,4,5,2,0.0025,7,0
S1PNA_SW4_Q0.003,JMeter,FluxEV,0.20730207943550544,0.9877738155883852,0.11580267558528429,16744,1963,7,MOM,1,,4,5,2,0.003,7,0
S1PNA_SW4_Q0.003,Prometheus 27 指标,FluxEV,0.5073067419696435,0.9405759162303665,0.3473175447075882,10345,3820,27,MOM,1,,4,5,2,0.003,7,0
S1PNA_SW4_Q0.0035,JMeter,FluxEV,0.20719132339584337,0.9827673593512417,0.11580267558528429,16744,1973,7,MOM,1,,4,5,2,0.0035,7,0
S1PNA_SW4_Q0.0035,Prometheus 27 指标,FluxEV,0.5062345896442408,0.9332467532467532,0.3473175447075882,10345,3850,27,MOM,1,,4,5,2,0.0035,7,0
S1PNA_SW4_Q0.004,JMeter,FluxEV,0.2292106373997467,0.9836956521739131,0.12971810797897754,16744,2208,7,MOM,1,,4,5,2,0.004,7,0
S1PNA_SW4_Q0.004,Prometheus 27 指标,FluxEV,0.47677813163481947,0.7601015443198647,0.3473175447075882,10345,4727,27,MOM,1,,4,5,2,0.004,7,0
S1PNA_SW4_Q0.0045,JMeter,FluxEV,0.2506644431705665,0.983640081799591,0.14363354037267081,16744,2445,7,MOM,1,,4,5,2,0.0045,7,0
S1PNA_SW4_Q0.0045,Prometheus 27 指标,FluxEV,0.47598860700801476,0.7561026936026936,0.3473175447075882,10345,4752,27,MOM,1,,4,5,2,0.0045,7,0
S1PNA_SW4_Q0.005,JMeter,FluxEV,0.4204784224987878,0.6500499750124937,0.31073817486860966,16744,8004,7,MOM,1,,4,5,2,0.005,7,0
S1PNA_SW4_Q0.005,Prometheus 27 指标,FluxEV,0.4752645502645502,0.7524607329842932,0.3473175447075882,10345,4775,27,MOM,1,,4,5,2,0.005,7,0
S1PNA_SW5_Q0.002,JMeter,FluxEV,0.18410359213306607,0.9918272037361354,0.10146918299092213,16744,1713,7,MOM,1,,5,5,2,0.002,7,0
S1PNA_SW5_Q0.002,Prometheus 27 指标,FluxEV,0.5094286119381823,0.9553310289816538,0.3473175447075882,10345,3761,27,MOM,1,,5,5,2,0.002,7,0
S1PNA_SW5_Q0.0025,JMeter,FluxEV,0.20734641501363418,0.9897907095456866,0.11580267558528429,16744,1959,7,MOM,1,,5,5,2,0.0025,7,0
S1PNA_SW5_Q0.0025,Prometheus 27 指标,FluxEV,0.5083474816072439,0.9477710366657874,0.3473175447075882,10345,3791,27,MOM,1,,5,5,2,0.0025,7,0
S1PNA_SW5_Q0.003,JMeter,FluxEV,0.20727991875567908,0.9867684478371501,0.11580267558528429,16744,1965,7,MOM,1,,5,5,2,0.003,7,0
S1PNA_SW5_Q0.003,Prometheus 27 指标,FluxEV,0.5323890856071651,0.944800394282898,0.37061382310294827,10345,4058,27,MOM,1,,5,5,2,0.003,7,0
S1PNA_SW5_Q0.0035,JMeter,FluxEV,0.20723561160690432,0.9847638395124428,0.11580267558528429,16744,1969,7,MOM,1,,5,5,2,0.0035,7,0
S1PNA_SW5_Q0.0035,Prometheus 27 指标,FluxEV,0.5020295927720309,0.7778454047474133,0.37061382310294827,10345,4929,27,MOM,1,,5,5,2,0.0035,7,0
S1PNA_SW5_Q0.004,JMeter,FluxEV,0.20716918638816176,0.9817721518987341,0.11580267558528429,16744,1975,7,MOM,1,,5,5,2,0.004,7,0
S1PNA_SW5_Q0.004,Prometheus 27 指标,FluxEV,0.5012092293613961,0.7739200645942672,0.37061382310294827,10345,4954,27,MOM,1,,5,5,2,0.004,7,0
S1PNA_SW5_Q0.0045,JMeter,FluxEV,0.22917436032709046,0.9823609226594301,0.12971810797897754,16744,2211,7,MOM,1,,5,5,2,0.0045,7,0
S1PNA_SW5_Q0.0045,Prometheus 27 指标,FluxEV,0.45485822754775174,0.5886688162137264,0.37061382310294827,10345,6513,27,MOM,1,,5,5,2,0.0045,7,0
S1PNA_SW5_Q0.005,JMeter,FluxEV,0.251223830850953,0.9812855980471928,0.1440516005733397,16744,2458,7,MOM,1,,5,5,2,0.005,7,0
S1PNA_SW5_Q0.005,Prometheus 27 指标,FluxEV,0.45396956959327456,0.5857011915673694,0.37061382310294827,10345,6546,27,MOM,1,,5,5,2,0.005,7,0
S1PNA_SW6_Q0.002,JMeter,FluxEV,0.11259993244004053,0.9823182711198428,0.05972288580984233,16744,1018,7,MOM,1,,6,5,2,0.002,7,0
S1PNA_SW6_Q0.002,Prometheus 27 指标,FluxEV,0.5093563935355826,0.9548232792984321,0.3473175447075882,10345,3763,27,MOM,1,,6,5,2,0.002,7,0
S1PNA_SW6_Q0.0025,JMeter,FluxEV,0.16153086961289614,0.9859437751004017,0.08797181079789776,16744,1494,7,MOM,1,,6,5,2,0.0025,7,0
S1PNA_SW6_Q0.0025,Prometheus 27 指标,FluxEV,0.5083834453484259,0.9480211081794195,0.3473175447075882,10345,3790,27,MOM,1,,6,5,2,0.0025,7,0
S1PNA_SW6_Q0.003,JMeter,FluxEV,0.1846720069279065,0.9849884526558892,0.10188724319159102,16744,1732,7,MOM,1,,6,5,2,0.003,7,0
S1PNA_SW6_Q0.003,Prometheus 27 指标,FluxEV,0.5075575646277724,0.9423026488329399,0.3473175447075882,10345,3813,27,MOM,1,,6,5,2,0.003,7,0
S1PNA_SW6_Q0.0035,JMeter,FluxEV,0.18464202608366254,0.98328530259366,0.10188724319159102,16744,1735,7,MOM,1,,6,5,2,0.0035,7,0
S1PNA_SW6_Q0.0035,Prometheus 27 指标,FluxEV,0.5066986320688197,0.9364086525931717,0.3473175447075882,10345,3837,27,MOM,1,,6,5,2,0.0035,7,0
S1PNA_SW6_Q0.004,JMeter,FluxEV,0.22986444432723244,0.9837471783295711,0.13013616817964643,16744,2215,7,MOM,1,,6,5,2,0.004,7,0
S1PNA_SW6_Q0.004,Prometheus 27 指标,FluxEV,0.47725310486816763,0.7625212224108658,0.3473175447075882,10345,4712,27,MOM,1,,6,5,2,0.004,7,0
S1PNA_SW6_Q0.0045,JMeter,FluxEV,0.2519660434352377,0.9845339845339846,0.1444696607740086,16744,2457,7,MOM,1,,6,5,2,0.0045,7,0
S1PNA_SW6_Q0.0045,Prometheus 27 指标,FluxEV,0.4547772967202419,0.5883977900552486,0.37061382310294827,10345,6516,27,MOM,1,,6,5,2,0.0045,7,0
S1PNA_SW6_Q0.005,JMeter,FluxEV,0.2728956575427043,0.9851411589895989,0.15838509316770186,16744,2692,7,MOM,1,,6,5,2,0.005,7,0
S1PNA_SW6_Q0.005,Prometheus 27 指标,FluxEV,0.4298739474864232,0.4435533621221468,0.41701304978250364,10345,9726,27,MOM,1,,6,5,2,0.005,7,0
S1PNA_SW8_Q0.002,JMeter,FluxEV,0.19964559952746602,0.9893560404470463,0.1110248447204969,16744,1879,7,MOM,1,,8,5,2,0.002,7,0
S1PNA_SW8_Q0.002,Prometheus 27 指标,FluxEV,0.5096815376977091,0.9571124134256793,0.3473175447075882,10345,3754,27,MOM,1,,8,5,2,0.002,7,0
S1PNA_SW8_Q0.0025,JMeter,FluxEV,0.19961344357349942,0.987778958554729,0.1110248447204969,16744,1882,7,MOM,1,,8,5,2,0.0025,7,0
S1PNA_SW8_Q0.0025,Prometheus 27 指标,FluxEV,0.5086713385715297,0.9500264410364886,0.3473175447075882,10345,3782,27,MOM,1,,8,5,2,0.0025,7,0
S1PNA_SW8_Q0.003,JMeter,FluxEV,0.19959201202490875,0.9867303609341825,0.1110248447204969,16744,1884,7,MOM,1,,8,5,2,0.003,7,0
S1PNA_SW8_Q0.003,Prometheus 27 指标,FluxEV,0.5322043309272626,0.9436377061284765,0.37061382310294827,10345,4063,27,MOM,1,,8,5,2,0.003,7,0
S1PNA_SW8_Q0.0035,JMeter,FluxEV,0.19957058507783143,0.9856839872746553,0.1110248447204969,16744,1886,7,MOM,1,,8,5,2,0.0035,7,0
S1PNA_SW8_Q0.0035,Prometheus 27 指标,FluxEV,0.5247633155149095,0.7861829409494404,0.39381343644272593,10345,5182,27,MOM,1,,8,5,2,0.0035,7,0
S1PNA_SW8_Q0.004,JMeter,FluxEV,0.221751112995548,0.9849340866290018,0.12494027711419016,16744,2124,7,MOM,1,,8,5,2,0.004,7,0
S1PNA_SW8_Q0.004,Prometheus 27 指标,FluxEV,0.5238860669967209,0.782258064516129,0.39381343644272593,10345,5208,27,MOM,1,,8,5,2,0.004,7,0
S1PNA_SW8_Q0.0045,JMeter,FluxEV,0.22172760996290405,0.9840075258701787,0.12494027711419016,16744,2126,7,MOM,1,,8,5,2,0.0045,7,0
S1PNA_SW8_Q0.0045,Prometheus 27 指标,FluxEV,0.47629625299584966,0.6024844720496895,0.39381343644272593,10345,6762,27,MOM,1,,8,5,2,0.0045,7,0
S1PNA_SW8_Q0.005,JMeter,FluxEV,0.2216923647538812,0.9826209488022546,0.12494027711419016,16744,2129,7,MOM,1,,8,5,2,0.005,7,0
S1PNA_SW8_Q0.005,Prometheus 27 指标,FluxEV,0.41087186727850333,0.42947501581277675,0.39381343644272593,10345,9486,27,MOM,1,,8,5,2,0.005,7,0
S1PNA_SW10_Q0.002,JMeter,FluxEV,0.1294353938852935,0.9830508474576272,0.0692785475394171,16744,1180,7,MOM,1,,10,5,2,0.002,7,0
S1PNA_SW10_Q0.002,Prometheus 27 指标,FluxEV,0.4842576545349509,0.9571795603768198,0.32411793136781053,10345,3503,27,MOM,1,,10,5,2,0.002,7,0
S1PNA_SW10_Q0.0025,JMeter,FluxEV,0.1293992972279547,0.9789029535864979,0.0692785475394171,16744,1185,7,MOM,1,,10,5,2,0.0025,7,0
S1PNA_SW10_Q0.0025,Prometheus 27 指标,FluxEV,0.5087433628318584,0.9505291005291006,0.3473175447075882,10345,3780,27,MOM,1,,10,5,2,0.0025,7,0
S1PNA_SW10_Q0.003,JMeter,FluxEV,0.17674873634436652,0.9824773413897281,0.09710941232680363,16744,1655,7,MOM,1,,10,5,2,0.003,7,0
S1PNA_SW10_Q0.003,Prometheus 27 指标,FluxEV,0.5073425585992658,0.9408222047656455,0.3473175447075882,10345,3819,27,MOM,1,,10,5,2,0.003,7,0
S1PNA_SW10_Q0.0035,JMeter,FluxEV,0.1767007172353836,0.9795180722891567,0.09710941232680363,16744,1660,7,MOM,1,,10,5,2,0.0035,7,0
S1PNA_SW10_Q0.0035,Prometheus 27 指标,FluxEV,0.5549274671388681,0.9391424619640387,0.39381343644272593,10345,4338,27,MOM,1,,10,5,2,0.0035,7,0
S1PNA_SW10_Q0.004,JMeter,FluxEV,0.17667191829195414,0.9777510523150932,0.09710941232680363,16744,1663,7,MOM,1,,10,5,2,0.004,7,0
S1PNA_SW10_Q0.004,Prometheus 27 指标,FluxEV,0.5236840413908349,0.7813578826237054,0.39381343644272593,10345,5214,27,MOM,1,,10,5,2,0.004,7,0
S1PNA_SW10_Q0.0045,JMeter,FluxEV,0.19944211994421202,0.9794520547945206,0.1110248447204969,16744,1898,7,MOM,1,,10,5,2,0.0045,7,0
S1PNA_SW10_Q0.0045,Prometheus 27 指标,FluxEV,0.4766027140851661,0.6034661531624944,0.39381343644272593,10345,6751,27,MOM,1,,10,5,2,0.0045,7,0
S1PNA_SW10_Q0.005,JMeter,FluxEV,0.19937794937794937,0.9763655462184874,0.1110248447204969,16744,1904,7,MOM,1,,10,5,2,0.005,7,0
S1PNA_SW10_Q0.005,Prometheus 27 指标,FluxEV,0.49677567941040995,0.6142674070909867,0.41701304978250364,10345,7023,27,MOM,1,,10,5,2,0.005,7,0
S1PNA_SW12_Q0.002,JMeter,FluxEV,0.1293992972279547,0.9789029535864979,0.0692785475394171,16744,1185,7,MOM,1,,12,5,2,0.002,7,0
S1PNA_SW12_Q0.002,Prometheus 27 指标,FluxEV,0.48439757295579305,0.9582737925121463,0.32411793136781053,10345,3499,27,MOM,1,,12,5,2,0.002,7,0
S1PNA_SW12_Q0.0025,JMeter,FluxEV,0.12936322069811532,0.9747899159663865,0.0692785475394171,16744,1190,7,MOM,1,,12,5,2,0.0025,7,0
S1PNA_SW12_Q0.0025,Prometheus 27 指标,FluxEV,0.5088514374734456,0.95128408790045,0.3473175447075882,10345,3777,27,MOM,1,,12,5,2,0.0025,7,0
S1PNA_SW12_Q0.003,JMeter,FluxEV,0.1767103189697332,0.9801084990958409,0.09710941232680363,16744,1659,7,MOM,1,,12,5,2,0.003,7,0
S1PNA_SW12_Q0.003,Prometheus 27 指标,FluxEV,0.5323521244098861,0.9445676274944568,0.37061382310294827,10345,4059,27,MOM,1,,12,5,2,0.003,7,0
S1PNA_SW12_Q0.0035,JMeter,FluxEV,0.1767007172353836,0.9795180722891567,0.09710941232680363,16744,1660,7,MOM,1,,12,5,2,0.0035,7,0
S1PNA_SW12_Q0.0035,Prometheus 27 指标,FluxEV,0.5254740100606218,0.7893819027320287,0.39381343644272593,10345,5161,27,MOM,1,,12,5,2,0.0035,7,0
S1PNA_SW12_Q0.004,JMeter,FluxEV,0.1806255759744132,0.9782736347621844,0.09949832775919733,16744,1703,7,MOM,1,,12,5,2,0.004,7,0
S1PNA_SW12_Q0.004,Prometheus 27 指标,FluxEV,0.5464217859404686,0.7922865013774105,0.41701304978250364,10345,5445,27,MOM,1,,12,5,2,0.004,7,0
S1PNA_SW12_Q0.0045,JMeter,FluxEV,0.2032972915105449,0.9798761609907121,0.11341376015289059,16744,1938,7,MOM,1,,12,5,2,0.0045,7,0
S1PNA_SW12_Q0.0045,Prometheus 27 指标,FluxEV,0.49780752365566583,0.6174323744096178,0.41701304978250364,10345,6987,27,MOM,1,,12,5,2,0.0045,7,0
S1PNA_SW12_Q0.005,JMeter,FluxEV,0.20326465078940326,0.9783616692426584,0.11341376015289059,16744,1941,7,MOM,1,,12,5,2,0.005,7,0
S1PNA_SW12_Q0.005,Prometheus 27 指标,FluxEV,0.49731973024381804,0.6159337521416334,0.41701304978250364,10345,7004,27,MOM,1,,12,5,2,0.005,7,0
S1PNA_SW5_Q0.006,JMeter,FluxEV,0.3815121560245792,0.7497374868743437,0.25585284280936454,16744,5714,7,MOM,1,,5,5,2,0.006,7,0
S1PNA_SW5_Q0.006,Prometheus 27 指标,FluxEV,0.4094678124528871,0.426418254134394,0.39381343644272593,10345,9554,27,MOM,1,,5,5,2,0.006,7,0
S1PNA_SW5_Q0.008,JMeter,FluxEV,0.4867914849961529,0.6297279362972794,0.3967391304347826,16744,10549,7,MOM,1,,5,5,2,0.008,7,0
S1PNA_SW5_Q0.008,Prometheus 27 指标,FluxEV,0.3435552052733396,0.2729239000512266,0.4635089415176414,10345,17569,27,MOM,1,,5,5,2,0.008,7,0
S1PNA_SW5_Q0.01,JMeter,FluxEV,0.4864350309376488,0.6285362853628537,0.3967391304347826,16744,10569,7,MOM,1,,5,5,2,0.01,7,0
S1PNA_SW5_Q0.01,Prometheus 27 指标,FluxEV,0.3563328033916269,0.28079064587973274,0.4874818753020783,10345,17960,27,MOM,1,,5,5,2,0.01,7,0
S1PNA_SW5_Q0.015,JMeter,FluxEV,0.5236842105263158,0.6472398030942335,0.43973960821786906,16744,11376,7,MOM,1,,5,5,2,0.015,7,0
S1PNA_SW5_Q0.015,Prometheus 27 指标,FluxEV,0.3525172655389851,0.2691563073160791,0.5106814886418559,10345,19628,27,MOM,1,,5,5,2,0.015,7,0
S1PNA_SW10_Q0.006,JMeter,FluxEV,0.2792245936949285,0.7741585233441911,0.17032967032967034,16744,3684,7,MOM,1,,10,5,2,0.006,7,0
S1PNA_SW10_Q0.006,Prometheus 27 指标,FluxEV,0.4284224638760614,0.4404737594445579,0.41701304978250364,10345,9794,27,MOM,1,,10,5,2,0.006,7,0
S1PNA_SW10_Q0.008,JMeter,FluxEV,0.45734986555123996,0.6103468899521531,0.3656832298136646,16744,10032,7,MOM,1,,10,5,2,0.008,7,0
S1PNA_SW10_Q0.008,Prometheus 27 指标,FluxEV,0.34365369454597583,0.27304823187745575,0.4635089415176414,10345,17561,27,MOM,1,,10,5,2,0.008,7,0
S1PNA_SW10_Q0.01,JMeter,FluxEV,0.47072313667468096,0.6183072587697989,0.38001672240802675,16744,10291,7,MOM,1,,10,5,2,0.01,7,0
S1PNA_SW10_Q0.01,Prometheus 27 指标,FluxEV,0.37042490534286915,0.2906100445569063,0.5106814886418559,10345,18179,27,MOM,1,,10,5,2,0.01,7,0
S1PNA_SW10_Q0.015,JMeter,FluxEV,0.48451916414426893,0.6221785145640161,0.3967391304347826,16744,10677,7,MOM,1,,10,5,2,0.015,7,0
S1PNA_SW10_Q0.015,Prometheus 27 指标,FluxEV,0.39023729731559526,0.3002708897687018,0.5571773803769937,10345,19196,27,MOM,1,,10,5,2,0.015,7,0
S1PNA_SW20_Q0.006,JMeter,FluxEV,0.4600455342813421,0.6132948552094736,0.3680721452460583,16744,10049,7,MOM,1,,20,5,2,0.006,7,0
S1PNA_SW20_Q0.006,Prometheus 27 指标,FluxEV,0.3738880816529043,0.2951544315129812,0.5099081681971968,10345,17872,27,MOM,1,,20,5,2,0.006,7,0
S1PNA_SW20_Q0.008,JMeter,FluxEV,0.48686283850635786,0.6299668089141773,0.3967391304347826,16744,10545,7,MOM,1,,20,5,2,0.008,7,0
S1PNA_SW20_Q0.008,Prometheus 27 指标,FluxEV,0.37223907981088145,0.2931044062899372,0.5099081681971968,10345,17997,27,MOM,1,,20,5,2,0.008,7,0
S1PNA_SW20_Q0.01,JMeter,FluxEV,0.48657754989928587,0.629012404128397,0.3967391304347826,16744,10561,7,MOM,1,,20,5,2,0.01,7,0
S1PNA_SW20_Q0.01,Prometheus 27 指标,FluxEV,0.38392204628501825,0.29994562262098967,0.5332044465925568,10345,18390,27,MOM,1,,20,5,2,0.01,7,0
S1PNA_SW20_Q0.015,JMeter,FluxEV,0.5446506894978771,0.6602296894938324,0.4635093167701863,16744,11755,7,MOM,1,,20,5,2,0.015,7,0
S1PNA_SW20_Q0.015,Prometheus 27 指标,FluxEV,0.40354826786734316,0.30928100535640707,0.5804736587723538,10345,19416,27,MOM,1,,20,5,2,0.015,7,0
S1PNA_SW30_Q0.006,JMeter,FluxEV,0.4870948819474996,0.6307443980250664,0.3967391304347826,16744,10532,7,MOM,1,,30,5,2,0.006,7,0
S1PNA_SW30_Q0.006,Prometheus 27 指标,FluxEV,0.3598742048459724,0.28547938991892047,0.48670855485741904,10345,17637,27,MOM,1,,30,5,2,0.006,7,0
S1PNA_SW30_Q0.008,JMeter,FluxEV,0.4869699080013195,0.6303254578233229,0.3967391304347826,16744,10539,7,MOM,1,,30,5,2,0.008,7,0
S1PNA_SW30_Q0.008,Prometheus 27 指标,FluxEV,0.3725067956366717,0.29340451562673786,0.5100048332527791,10345,17982,27,MOM,1,,30,5,2,0.008,7,0
S1PNA_SW30_Q0.01,JMeter,FluxEV,0.4998910596266976,0.637669075412266,0.41107262302914477,16744,10794,7,MOM,1,,30,5,2,0.01,7,0
S1PNA_SW30_Q0.01,Prometheus 27 指标,FluxEV,0.37044058276285763,0.2908489525909592,0.5100048332527791,10345,18140,27,MOM,1,,30,5,2,0.01,7,0
S1PNA_SW30_Q0.015,JMeter,FluxEV,0.5449375087768571,0.6610732538330494,0.4635093167701863,16744,11740,7,MOM,1,,30,5,2,0.015,7,0
S1PNA_SW30_Q0.015,Prometheus 27 指标,FluxEV,0.4032869361059869,0.3087827426810478,0.5811503141614306,10345,19470,27,MOM,1,,30,5,2,0.015,7,0
S2P60_SW3_Q0.002,JMeter,FluxEV,0.1761314186248912,0.9871951219512195,0.09669135212613474,16744,1640,7,MOM,2,60,3,5,2,0.002,7,0
S2P60_SW3_Q0.002,Prometheus 27 指标,FluxEV,0.4839082118631837,0.9544548818673498,0.32411793136781053,10345,3513,27,MOM,2,60,3,5,2,0.002,7,0
S2P60_SW3_Q0.0025,JMeter,FluxEV,0.18007163790296318,0.9863258026159334,0.09908026755852843,16744,1682,7,MOM,2,60,3,5,2,0.0025,7,0
S2P60_SW3_Q0.0025,Prometheus 27 指标,FluxEV,0.48241133731386227,0.9429133858267716,0.32411793136781053,10345,3556,27,MOM,2,60,3,5,2,0.0025,7,0
S2P60_SW3_Q0.003,JMeter,FluxEV,0.1840038988465912,0.9860708067324434,0.10146918299092213,16744,1723,7,MOM,2,60,3,5,2,0.003,7,0
S2P60_SW3_Q0.003,Prometheus 27 指标,FluxEV,0.5072351238794381,0.9400837257980115,0.3473175447075882,10345,3822,27,MOM,2,60,3,5,2,0.003,7,0
S2P60_SW3_Q0.0035,JMeter,FluxEV,0.20729099850331412,0.9872708757637475,0.11580267558528429,16744,1964,7,MOM,2,60,3,5,2,0.0035,7,0
S2P60_SW3_Q0.0035,Prometheus 27 指标,FluxEV,0.505806996550996,0.9303469704816157,0.3473175447075882,10345,3862,27,MOM,2,60,3,5,2,0.0035,7,0
S2P60_SW3_Q0.004,JMeter,FluxEV,0.22931953756004853,0.9877216916780355,0.12971810797897754,16744,2199,7,MOM,2,60,3,5,2,0.004,7,0
S2P60_SW3_Q0.004,Prometheus 27 指标,FluxEV,0.5292371418709009,0.9258454106280193,0.3705171580473659,10345,4140,27,MOM,2,60,3,5,2,0.004,7,0
S2P60_SW3_Q0.0045,JMeter,FluxEV,0.3431535862167436,0.8448558706351066,0.2153010033444816,16744,4267,7,MOM,2,60,3,5,2,0.0045,7,0
S2P60_SW3_Q0.0045,Prometheus 27 指标,FluxEV,0.46749603610196366,0.6332397158433835,0.3705171580473659,10345,6053,27,MOM,2,60,3,5,2,0.0045,7,0
S2P60_SW3_Q0.005,JMeter,FluxEV,0.4324301861702128,0.710792349726776,0.31073817486860966,16744,7320,7,MOM,2,60,3,5,2,0.005,7,0
S2P60_SW3_Q0.005,Prometheus 27 指标,FluxEV,0.46610324071259196,0.6281547033759424,0.3705171580473659,10345,6102,27,MOM,2,60,3,5,2,0.005,7,0
S2P60_SW4_Q0.002,JMeter,FluxEV,0.1840537319900336,0.9889406286379511,0.10146918299092213,16744,1718,7,MOM,2,60,4,5,2,0.002,7,0
S2P60_SW4_Q0.002,Prometheus 27 指标,FluxEV,0.5097176904525464,0.9573674393818279,0.3473175447075882,10345,3753,27,MOM,2,60,4,5,2,0.002,7,0
S2P60_SW4_Q0.0025,JMeter,FluxEV,0.20729099850331412,0.9872708757637475,0.11580267558528429,16744,1964,7,MOM,2,60,4,5,2,0.0025,7,0
S2P60_SW4_Q0.0025,Prometheus 27 指标,FluxEV,0.5084553880987759,0.9485216473072862,0.3473175447075882,10345,3788,27,MOM,2,60,4,5,2,0.0025,7,0
S2P60_SW4_Q0.003,JMeter,FluxEV,0.20722453777920274,0.984263959390863,0.11580267558528429,16744,1970,7,MOM,2,60,4,5,2,0.003,7,0
S2P60_SW4_Q0.003,Prometheus 27 指标,FluxEV,0.5067700987306064,0.936897001303781,0.3473175447075882,10345,3835,27,MOM,2,60,4,5,2,0.003,7,0
S2P60_SW4_Q0.0035,JMeter,FluxEV,0.20720239367386192,0.9832657200811359,0.11580267558528429,16744,1972,7,MOM,2,60,4,5,2,0.0035,7,0
S2P60_SW4_Q0.0035,Prometheus 27 指标,FluxEV,0.48208774989936937,0.7877658408243806,0.3473175447075882,10345,4561,27,MOM,2,60,4,5,2,0.0035,7,0
S2P60_SW4_Q0.004,JMeter,FluxEV,0.22918645140867364,0.9828054298642533,0.12971810797897754,16744,2210,7,MOM,2,60,4,5,2,0.004,7,0
S2P60_SW4_Q0.004,Prometheus 27 指标,FluxEV,0.48105502744678,0.7822773786196385,0.3473175447075882,10345,4593,27,MOM,2,60,4,5,2,0.004,7,0
S2P60_SW4_Q0.0045,JMeter,FluxEV,0.2506252605252189,0.9824346405228758,0.14363354037267081,16744,2448,7,MOM,2,60,4,5,2,0.0045,7,0
S2P60_SW4_Q0.0045,Prometheus 27 指标,FluxEV,0.4796742540551364,0.7750215703192407,0.3473175447075882,10345,4636,27,MOM,2,60,4,5,2,0.0045,7,0
S2P60_SW4_Q0.005,JMeter,FluxEV,0.33305298570227077,0.7651352511807643,0.21285236502627808,16744,4658,7,MOM,2,60,4,5,2,0.005,7,0
S2P60_SW4_Q0.005,Prometheus 27 指标,FluxEV,0.444238377843719,0.6161893328760075,0.3473175447075882,10345,5831,27,MOM,2,60,4,5,2,0.005,7,0
S2P60_SW5_Q0.002,JMeter,FluxEV,0.1761122593277494,0.9859926918392204,0.09669135212613474,16744,1642,7,MOM,2,60,5,5,2,0.002,7,0
S2P60_SW5_Q0.002,Prometheus 27 指标,FluxEV,0.4836478893531192,0.9491094147582697,0.32450459159014017,10345,3537,27,MOM,2,60,5,5,2,0.002,7,0
S2P60_SW5_Q0.0025,JMeter,FluxEV,0.19955987332939723,0.9851616322204557,0.1110248447204969,16744,1887,7,MOM,2,60,5,5,2,0.0025,7,0
S2P60_SW5_Q0.0025,Prometheus 27 指标,FluxEV,0.4823275862068966,0.939020979020979,0.32450459159014017,10345,3575,27,MOM,2,60,5,5,2,0.0025,7,0
S2P60_SW5_Q0.003,JMeter,FluxEV,0.20336260441207965,0.9829192546583851,0.11341376015289059,16744,1932,7,MOM,2,60,5,5,2,0.003,7,0
S2P60_SW5_Q0.003,Prometheus 27 指标,FluxEV,0.48156648974322197,0.9332777314428691,0.32450459159014017,10345,3597,27,MOM,2,60,5,5,2,0.003,7,0
S2P60_SW5_Q0.0035,JMeter,FluxEV,0.20714705411035736,0.9807789580171977,0.11580267558528429,16744,1977,7,MOM,2,60,5,5,2,0.0035,7,0
S2P60_SW5_Q0.0035,Prometheus 27 指标,FluxEV,0.4576687116564417,0.7761849710982659,0.32450459159014017,10345,4325,27,MOM,2,60,5,5,2,0.0035,7,0
S2P60_SW5_Q0.004,JMeter,FluxEV,0.2735315296780167,0.985544848035582,0.15880315336837075,16744,2698,7,MOM,2,60,5,5,2,0.004,7,0
S2P60_SW5_Q0.004,Prometheus 27 指标,FluxEV,0.4460029791459782,0.6230275706606555,0.3473175447075882,10345,5767,27,MOM,2,60,5,5,2,0.004,7,0
S2P60_SW5_Q0.0045,JMeter,FluxEV,0.31445783132530125,0.9861460957178841,0.18705207835642618,16744,3176,7,MOM,2,60,5,5,2,0.0045,7,0
S2P60_SW5_Q0.0045,Prometheus 27 指标,FluxEV,0.468475073313783,0.6365598538934086,0.37061382310294827,10345,6023,27,MOM,2,60,5,5,2,0.0045,7,0
S2P60_SW5_Q0.005,JMeter,FluxEV,0.33450721690392343,0.9868305531167691,0.20138557095078835,16744,3417,7,MOM,2,60,5,5,2,0.005,7,0
S2P60_SW5_Q0.005,Prometheus 27 指标,FluxEV,0.41599305593229535,0.47403560830860536,0.37061382310294827,10345,8088,27,MOM,2,60,5,5,2,0.005,7,0
S2P60_SW6_Q0.002,JMeter,FluxEV,0.13775481864133757,0.9849086576648134,0.0740563784042045,16744,1259,7,MOM,2,60,6,5,2,0.002,7,0
S2P60_SW6_Q0.002,Prometheus 27 指标,FluxEV,0.5092841956059532,0.9543160690571049,0.3473175447075882,10345,3765,27,MOM,2,60,6,5,2,0.002,7,0
S2P60_SW6_Q0.0025,JMeter,FluxEV,0.16151315789473683,0.9846256684491979,0.08797181079789776,16744,1496,7,MOM,2,60,6,5,2,0.0025,7,0
S2P60_SW6_Q0.0025,Prometheus 27 指标,FluxEV,0.5080958778194159,0.9460242232754081,0.3473175447075882,10345,3798,27,MOM,2,60,6,5,2,0.0025,7,0
S2P60_SW6_Q0.003,JMeter,FluxEV,0.18468200270635998,0.9855574812247256,0.10188724319159102,16744,1731,7,MOM,2,60,6,5,2,0.003,7,0
S2P60_SW6_Q0.003,Prometheus 27 指标,FluxEV,0.5068773365310009,0.9376304801670147,0.3473175447075882,10345,3832,27,MOM,2,60,6,5,2,0.003,7,0
S2P60_SW6_Q0.0035,JMeter,FluxEV,0.2305785559833342,0.9860171402796571,0.13055422838031533,16744,2217,7,MOM,2,60,6,5,2,0.0035,7,0
S2P60_SW6_Q0.0035,Prometheus 27 指标,FluxEV,0.5063408190224572,0.7993743482794577,0.3705171580473659,10345,4795,27,MOM,2,60,6,5,2,0.0035,7,0
S2P60_SW6_Q0.004,JMeter,FluxEV,0.2735737435053244,0.9866419294990724,0.15880315336837075,16744,2695,7,MOM,2,60,6,5,2,0.004,7,0
S2P60_SW6_Q0.004,Prometheus 27 指标,FluxEV,0.417447179263777,0.4779897742860706,0.3705171580473659,10345,8019,27,MOM,2,60,6,5,2,0.004,7,0
S2P60_SW6_Q0.0045,JMeter,FluxEV,0.273461202241991,0.9837217906030337,0.15880315336837075,16744,2703,7,MOM,2,60,6,5,2,0.0045,7,0
S2P60_SW6_Q0.0045,Prometheus 27 指标,FluxEV,0.43692340699420723,0.49078202193035303,0.39371677138714356,10345,8299,27,MOM,2,60,6,5,2,0.0045,7,0
S2P60_SW6_Q0.005,JMeter,FluxEV,0.27340496632563877,0.9822681935722202,0.15880315336837075,16744,2707,7,MOM,2,60,6,5,2,0.005,7,0
S2P60_SW6_Q0.005,Prometheus 27 指标,FluxEV,0.4085255767301906,0.4244919228764982,0.39371677138714356,10345,9595,27,MOM,2,60,6,5,2,0.005,7,0
S2P60_SW8_Q0.002,JMeter,FluxEV,0.19964559952746602,0.9893560404470463,0.1110248447204969,16744,1879,7,MOM,2,60,8,5,2,0.002,7,0
S2P60_SW8_Q0.002,Prometheus 27 指标,FluxEV,0.5091759370792885,0.953556263269639,0.3473175447075882,10345,3768,27,MOM,2,60,8,5,2,0.002,7,0
S2P60_SW8_Q0.0025,JMeter,FluxEV,0.19959201202490875,0.9867303609341825,0.1110248447204969,16744,1884,7,MOM,2,60,8,5,2,0.0025,7,0
S2P60_SW8_Q0.0025,Prometheus 27 指标,FluxEV,0.4835800807537012,0.7957918050941307,0.3473175447075882,10345,4515,27,MOM,2,60,8,5,2,0.0025,7,0
S2P60_SW8_Q0.003,JMeter,FluxEV,0.19954916273078574,0.9846398305084746,0.1110248447204969,16744,1888,7,MOM,2,60,8,5,2,0.003,7,0
S2P60_SW8_Q0.003,Prometheus 27 指标,FluxEV,0.5065080938222664,0.8002087682672234,0.3705171580473659,10345,4790,27,MOM,2,60,8,5,2,0.003,7,0
S2P60_SW8_Q0.0035,JMeter,FluxEV,0.19947422071999574,0.9810026385224274,0.1110248447204969,16744,1895,7,MOM,2,60,8,5,2,0.0035,7,0
S2P60_SW8_Q0.0035,Prometheus 27 指标,FluxEV,0.5291596311209248,0.8062537106669305,0.39381343644272593,10345,5053,27,MOM,2,60,8,5,2,0.0035,7,0
S2P60_SW8_Q0.004,JMeter,FluxEV,0.19941002949852504,0.9779063650710152,0.1110248447204969,16744,1901,7,MOM,2,60,8,5,2,0.004,7,0
S2P60_SW8_Q0.004,Prometheus 27 指标,FluxEV,0.4369135074266717,0.49060693641618497,0.39381343644272593,10345,8304,27,MOM,2,60,8,5,2,0.004,7,0
S2P60_SW8_Q0.0045,JMeter,FluxEV,0.22156322812963355,0.9775700934579439,0.12494027711419016,16744,2140,7,MOM,2,60,8,5,2,0.0045,7,0
S2P60_SW8_Q0.0045,Prometheus 27 指标,FluxEV,0.40197494061204525,0.38790003595828837,0.417109714838086,10345,11124,27,MOM,2,60,8,5,2,0.0045,7,0
S2P60_SW8_Q0.005,JMeter,FluxEV,0.22156322812963355,0.9775700934579439,0.12494027711419016,16744,2140,7,MOM,2,60,8,5,2,0.005,7,0
S2P60_SW8_Q0.005,Prometheus 27 指标,FluxEV,0.37964103466478966,0.3483490756438201,0.417109714838086,10345,12387,27,MOM,2,60,8,5,2,0.005,7,0
S2P60_SW10_Q0.002,JMeter,FluxEV,0.12944983818770228,0.9847198641765704,0.0692785475394171,16744,1178,7,MOM,2,60,10,5,2,0.002,7,0
S2P60_SW10_Q0.002,Prometheus 27 指标,FluxEV,0.5095008508224617,0.9558393189678106,0.3473175447075882,10345,3759,27,MOM,2,60,10,5,2,0.002,7,0
S2P60_SW10_Q0.0025,JMeter,FluxEV,0.12937043439469137,0.975609756097561,0.0692785475394171,16744,1189,7,MOM,2,60,10,5,2,0.0025,7,0
S2P60_SW10_Q0.0025,Prometheus 27 指标,FluxEV,0.5331015299026425,0.9499380421313507,0.3705171580473659,10345,4035,27,MOM,2,60,10,5,2,0.0025,7,0
S2P60_SW10_Q0.003,JMeter,FluxEV,0.15335498431221448,0.9789177793394237,0.08319397993311037,16744,1423,7,MOM,2,60,10,5,2,0.003,7,0
S2P60_SW10_Q0.003,Prometheus 27 指标,FluxEV,0.5309526912550501,0.8146370725854829,0.39381343644272593,10345,5001,27,MOM,2,60,10,5,2,0.003,7,0
S2P60_SW10_Q0.0035,JMeter,FluxEV,0.1767007172353836,0.9795180722891567,0.09710941232680363,16744,1660,7,MOM,2,60,10,5,2,0.0035,7,0
S2P60_SW10_Q0.0035,Prometheus 27 指标,FluxEV,0.49199927540607447,0.6554054054054054,0.39381343644272593,10345,6216,27,MOM,2,60,10,5,2,0.0035,7,0
S2P60_SW10_Q0.004,JMeter,FluxEV,0.17662394090810343,0.9748201438848921,0.09710941232680363,16744,1668,7,MOM,2,60,10,5,2,0.004,7,0
S2P60_SW10_Q0.004,Prometheus 27 指标,FluxEV,0.4909616775126536,0.6517357222844344,0.39381343644272593,10345,6251,27,MOM,2,60,10,5,2,0.004,7,0
S2P60_SW10_Q0.0045,JMeter,FluxEV,0.19939933497801138,0.9773922187171399,0.1110248447204969,16744,1902,7,MOM,2,60,10,5,2,0.0045,7,0
S2P60_SW10_Q0.0045,Prometheus 27 指标,FluxEV,0.48986953646365666,0.6479007633587787,0.39381343644272593,10345,6288,27,MOM,2,60,10,5,2,0.0045,7,0
S2P60_SW10_Q0.005,JMeter,FluxEV,0.19930313588850174,0.9727891156462585,0.1110248447204969,16744,1911,7,MOM,2,60,10,5,2,0.005,7,0
S2P60_SW10_Q0.005,Prometheus 27 指标,FluxEV,0.40070576217671916,0.3855432451751251,0.417109714838086,10345,11192,27,MOM,2,60,10,5,2,0.005,7,0
S2P60_SW12_Q0.002,JMeter,FluxEV,0.1293776488958287,0.9764309764309764,0.0692785475394171,16744,1188,7,MOM,2,60,12,5,2,0.002,7,0
S2P60_SW12_Q0.002,Prometheus 27 指标,FluxEV,0.4855405405405406,0.8065095398428732,0.3473175447075882,10345,4455,27,MOM,2,60,12,5,2,0.002,7,0
S2P60_SW12_Q0.0025,JMeter,FluxEV,0.12937043439469137,0.975609756097561,0.0692785475394171,16744,1189,7,MOM,2,60,12,5,2,0.0025,7,0
S2P60_SW12_Q0.0025,Prometheus 27 指标,FluxEV,0.5323750408363279,0.8213709677419355,0.39381343644272593,10345,4960,27,MOM,2,60,12,5,2,0.0025,7,0
S2P60_SW12_Q0.003,JMeter,FluxEV,0.15333810336287082,0.9775438596491228,0.08319397993311037,16744,1425,7,MOM,2,60,12,5,2,0.003,7,0
S2P60_SW12_Q0.003,Prometheus 27 指标,FluxEV,0.5308835027365129,0.8143114131521088,0.39381343644272593,10345,5003,27,MOM,2,60,12,5,2,0.003,7,0
S2P60_SW12_Q0.0035,JMeter,FluxEV,0.17668151689666414,0.9783393501805054,0.09710941232680363,16744,1662,7,MOM,2,60,12,5,2,0.0035,7,0
S2P60_SW12_Q0.0035,Prometheus 27 指标,FluxEV,0.4647959183673469,0.4921663965424095,0.4403093281778637,10345,9255,27,MOM,2,60,12,5,2,0.0035,7,0
S2P60_SW12_Q0.004,JMeter,FluxEV,0.17663353430014667,0.9754049190161967,0.09710941232680363,16744,1667,7,MOM,2,60,12,5,2,0.004,7,0
S2P60_SW12_Q0.004,Prometheus 27 指标,FluxEV,0.4638965271412568,0.49015387926396214,0.4403093281778637,10345,9293,27,MOM,2,60,12,5,2,0.004,7,0
S2P60_SW12_Q0.0045,JMeter,FluxEV,0.19937794937794937,0.9763655462184874,0.1110248447204969,16744,1904,7,MOM,2,60,12,5,2,0.0045,7,0
S2P60_SW12_Q0.0045,Prometheus 27 指标,FluxEV,0.4190239639391012,0.3997016497016497,0.4403093281778637,10345,11396,27,MOM,2,60,12,5,2,0.0045,7,0
S2P60_SW12_Q0.005,JMeter,FluxEV,0.19931382009220544,0.9732984293193717,0.1110248447204969,16744,1910,7,MOM,2,60,12,5,2,0.005,7,0
S2P60_SW12_Q0.005,Prometheus 27 指标,FluxEV,0.39804092474992736,0.34877800407331977,0.4635089415176414,10345,13748,27,MOM,2,60,12,5,2,0.005,7,0
S2P60_SW5_Q0.006,JMeter,FluxEV,0.4770073286623177,0.7321384425216316,0.35373865265169613,16744,8090,7,MOM,2,60,5,5,2,0.006,7,0
S2P60_SW5_Q0.006,Prometheus 27 指标,FluxEV,0.38102806474549333,0.33581539368917723,0.4403093281778637,10345,13564,27,MOM,2,60,5,5,2,0.006,7,0
S2P60_SW5_Q0.008,JMeter,FluxEV,0.5123757769754718,0.6799367776350884,0.41107262302914477,16744,10123,7,MOM,2,60,5,5,2,0.008,7,0
S2P60_SW5_Q0.008,Prometheus 27 指标,FluxEV,0.38937779836343983,0.3241020368823492,0.4875785403576607,10345,15563,27,MOM,2,60,5,5,2,0.008,7,0
S2P60_SW5_Q0.01,JMeter,FluxEV,0.5119756024992561,0.6785291798107256,0.41107262302914477,16744,10144,7,MOM,2,60,5,5,2,0.01,7,0
S2P60_SW5_Q0.01,Prometheus 27 指标,FluxEV,0.4145124376242824,0.33872945793475595,0.533977767037216,10345,16308,27,MOM,2,60,5,5,2,0.01,7,0
S2P60_SW5_Q0.015,JMeter,FluxEV,0.5211850441278794,0.6736722522010793,0.424988055422838,16744,10563,7,MOM,2,60,5,5,2,0.015,7,0
S2P60_SW5_Q0.015,Prometheus 27 指标,FluxEV,0.4269511111111111,0.3376827896512936,0.5803769937167714,10345,17780,27,MOM,2,60,5,5,2,0.015,7,0
S2P60_SW10_Q0.006,JMeter,FluxEV,0.27771468075650585,0.8018249215854006,0.16794075489727664,16744,3507,7,MOM,2,60,10,5,2,0.006,7,0
S2P60_SW10_Q0.006,Prometheus 27 指标,FluxEV,0.37727684015893614,0.31809738622794215,0.4635089415176414,10345,15074,27,MOM,2,60,10,5,2,0.006,7,0
S2P60_SW10_Q0.008,JMeter,FluxEV,0.4309323094900258,0.7152950955943475,0.30834925943621594,16744,7218,7,MOM,2,60,10,5,2,0.008,7,0
S2P60_SW10_Q0.008,Prometheus 27 指标,FluxEV,0.3748097857895353,0.3142501962836954,0.4642822619623006,10345,15284,27,MOM,2,60,10,5,2,0.008,7,0
S2P60_SW10_Q0.01,JMeter,FluxEV,0.4824840764331211,0.6606104651162791,0.38001672240802675,16744,9632,7,MOM,2,60,10,5,2,0.01,7,0
S2P60_SW10_Q0.01,Prometheus 27 指标,FluxEV,0.4014742761608025,0.3307456332561197,0.5106814886418559,10345,15973,27,MOM,2,60,10,5,2,0.01,7,0
S2P60_SW10_Q0.015,JMeter,FluxEV,0.5186568530521074,0.6703265499290109,0.4229574773053034,16744,10565,7,MOM,2,60,10,5,2,0.015,7,0
S2P60_SW10_Q0.015,Prometheus 27 指标,FluxEV,0.47055530284474617,0.36876165405286826,0.6499758337361043,10345,18234,27,MOM,2,60,10,5,2,0.015,7,0
S2P60_SW20_Q0.006,JMeter,FluxEV,0.48338207923424614,0.6639883126369612,0.38001672240802675,16744,9583,7,MOM,2,60,20,5,2,0.006,7,0
S2P60_SW20_Q0.006,Prometheus 27 指标,FluxEV,0.3933132835995782,0.3299908244855158,0.48670855485741904,10345,15258,27,MOM,2,60,20,5,2,0.006,7,0
S2P60_SW20_Q0.008,JMeter,FluxEV,0.5124711488347852,0.6802727811820518,0.41107262302914477,16744,10118,7,MOM,2,60,20,5,2,0.008,7,0
S2P60_SW20_Q0.008,Prometheus 27 指标,FluxEV,0.390279823269514,0.3257423820922559,0.48670855485741904,10345,15457,27,MOM,2,60,20,5,2,0.008,7,0
S2P60_SW20_Q0.01,JMeter,FluxEV,0.5122232558139534,0.6793998618102852,0.41107262302914477,16744,10131,7,MOM,2,60,20,5,2,0.01,7,0
S2P60_SW20_Q0.01,Prometheus 27 指标,FluxEV,0.4021801273011396,0.33199093883715075,0.5100048332527791,10345,15892,27,MOM,2,60,20,5,2,0.01,7,0
S2P60_SW20_Q0.015,JMeter,FluxEV,0.553836211539152,0.6943019173642992,0.4606426182513139,16744,11109,7,MOM,2,60,20,5,2,0.015,7,0
S2P60_SW20_Q0.015,Prometheus 27 指标,FluxEV,0.4602409638554217,0.3633006993006993,0.6277428709521508,10345,17875,27,MOM,2,60,20,5,2,0.015,7,0
S2P60_SW30_Q0.006,JMeter,FluxEV,0.4857565527443767,0.6656617111965901,0.3824056378404205,16744,9619,7,MOM,2,60,30,5,2,0.006,7,0
S2P60_SW30_Q0.006,Prometheus 27 指标,FluxEV,0.39349898421628376,0.33020785522260837,0.48680521991300146,10345,15251,27,MOM,2,60,30,5,2,0.006,7,0
S2P60_SW30_Q0.008,JMeter,FluxEV,0.4991171719448514,0.6727088607594937,0.3967391304347826,16744,9875,7,MOM,2,60,30,5,2,0.008,7,0
S2P60_SW30_Q0.008,Prometheus 27 指标,FluxEV,0.42055504727050935,0.34720211493674075,0.5332044465925568,10345,15887,27,MOM,2,60,30,5,2,0.008,7,0
S2P60_SW30_Q0.01,JMeter,FluxEV,0.5122613775908904,0.6795340112548129,0.41107262302914477,16744,10129,7,MOM,2,60,30,5,2,0.01,7,0
S2P60_SW30_Q0.01,Prometheus 27 指标,FluxEV,0.4321970265805677,0.35332392118347555,0.5564040599323344,10345,16291,27,MOM,2,60,30,5,2,0.01,7,0
S2P60_SW30_Q0.015,JMeter,FluxEV,0.566499126653121,0.7026262268989301,0.47455805064500717,16744,11309,7,MOM,2,60,30,5,2,0.015,7,0
S2P60_SW30_Q0.015,Prometheus 27 指标,FluxEV,0.4340659340659341,0.3466712858710087,0.5803769937167714,10345,17319,27,MOM,2,60,30,5,2,0.015,7,0
S2P120_SW3_Q0.002,JMeter,FluxEV,0.1761697497279652,0.9896088019559902,0.09669135212613474,16744,1636,7,MOM,2,120,3,5,2,0.002,7,0
S2P120_SW3_Q0.002,Prometheus 27 指标,FluxEV,0.4846431146359048,0.9534751773049646,0.3248912518124698,10345,3525,27,MOM,2,120,3,5,2,0.002,7,0
S2P120_SW3_Q0.0025,JMeter,FluxEV,0.18008141112618725,0.9869125520523498,0.09908026755852843,16744,1681,7,MOM,2,120,3,5,2,0.0025,7,0
S2P120_SW3_Q0.0025,Prometheus 27 指标,FluxEV,0.4833537067663767,0.9435710275126333,0.3248912518124698,10345,3562,27,MOM,2,120,3,5,2,0.0025,7,0
S2P120_SW3_Q0.003,JMeter,FluxEV,0.18396405175680797,0.9837869137232195,0.10146918299092213,16744,1727,7,MOM,2,120,3,5,2,0.003,7,0
S2P120_SW3_Q0.003,Prometheus 27 指标,FluxEV,0.48196744819674486,0.9330927262631871,0.3248912518124698,10345,3602,27,MOM,2,120,3,5,2,0.003,7,0
S2P120_SW3_Q0.0035,JMeter,FluxEV,0.20656473858654978,0.9847094801223242,0.11538461538461539,16744,1962,7,MOM,2,120,3,5,2,0.0035,7,0
S2P120_SW3_Q0.0035,Prometheus 27 指标,FluxEV,0.4802114587798257,0.9200656994251301,0.3248912518124698,10345,3653,27,MOM,2,120,3,5,2,0.0035,7,0
S2P120_SW3_Q0.004,JMeter,FluxEV,0.2630300024795437,0.7752119263373283,0.15838509316770186,16744,3421,7,MOM,2,120,3,5,2,0.004,7,0
S2P120_SW3_Q0.004,Prometheus 27 指标,FluxEV,0.5295009649848359,0.9226519337016574,0.3712904784920251,10345,4163,27,MOM,2,120,3,5,2,0.004,7,0
S2P120_SW3_Q0.0045,JMeter,FluxEV,0.4028138989554466,0.7039189390552824,0.28213091256569517,16744,6711,7,MOM,2,120,3,5,2,0.0045,7,0
S2P120_SW3_Q0.0045,Prometheus 27 指标,FluxEV,0.5276461295418641,0.9114855244423351,0.3712904784920251,10345,4214,27,MOM,2,120,3,5,2,0.0045,7,0
S2P120_SW3_Q0.005,JMeter,FluxEV,0.44794602103591985,0.6677316293929713,0.3370162446249403,16744,8451,7,MOM,2,120,3,5,2,0.005,7,0
S2P120_SW3_Q0.005,Prometheus 27 指标,FluxEV,0.46279896379299956,0.6141669331627758,0.3712904784920251,10345,6254,27,MOM,2,120,3,5,2,0.005,7,0
S2P120_SW4_Q0.002,JMeter,FluxEV,0.16018005160015372,0.9904955872369314,0.08713569039655997,16744,1473,7,MOM,2,120,4,5,2,0.002,7,0
S2P120_SW4_Q0.002,Prometheus 27 指标,FluxEV,0.4844684684684684,0.9521246458923512,0.3248912518124698,10345,3530,27,MOM,2,120,4,5,2,0.002,7,0
S2P120_SW4_Q0.0025,JMeter,FluxEV,0.16005704569140478,0.9811701412239409,0.08713569039655997,16744,1487,7,MOM,2,120,4,5,2,0.0025,7,0
S2P120_SW4_Q0.0025,Prometheus 27 指标,FluxEV,0.5087954786294596,0.9451443569553806,0.34809086515224746,10345,3810,27,MOM,2,120,4,5,2,0.0025,7,0
S2P120_SW4_Q0.003,JMeter,FluxEV,0.20720239367386192,0.9832657200811359,0.11580267558528429,16744,1972,7,MOM,2,120,4,5,2,0.003,7,0
S2P120_SW4_Q0.003,Prometheus 27 指标,FluxEV,0.5075762914934103,0.9367845993756504,0.34809086515224746,10345,3844,27,MOM,2,120,4,5,2,0.003,7,0
S2P120_SW4_Q0.0035,JMeter,FluxEV,0.22922273230964066,0.9841413683733575,0.12971810797897754,16744,2207,7,MOM,2,120,4,5,2,0.0035,7,0
S2P120_SW4_Q0.0035,Prometheus 27 指标,FluxEV,0.5062205665284318,0.9276146316331788,0.34809086515224746,10345,3882,27,MOM,2,120,4,5,2,0.0035,7,0
S2P120_SW4_Q0.004,JMeter,FluxEV,0.2292106373997467,0.9836956521739131,0.12971810797897754,16744,2208,7,MOM,2,120,4,5,2,0.004,7,0
S2P120_SW4_Q0.004,Prometheus 27 指标,FluxEV,0.4804536357571715,0.7752421959095802,0.34809086515224746,10345,4645,27,MOM,2,120,4,5,2,0.004,7,0
S2P120_SW4_Q0.0045,JMeter,FluxEV,0.25069057174128323,0.9844453540728613,0.14363354037267081,16744,2443,7,MOM,2,120,4,5,2,0.0045,7,0
S2P120_SW4_Q0.0045,Prometheus 27 指标,FluxEV,0.5030771245253371,0.779468452018665,0.37138714354760755,10345,4929,27,MOM,2,120,4,5,2,0.0045,7,0
S2P120_SW4_Q0.005,JMeter,FluxEV,0.4212820196537972,0.6761251154810611,0.30596034400382227,16744,7577,7,MOM,2,120,4,5,2,0.005,7,0
S2P120_SW4_Q0.005,Prometheus 27 指标,FluxEV,0.5015338424384831,0.7721061093247589,0.37138714354760755,10345,4976,27,MOM,2,120,4,5,2,0.005,7,0
S2P120_SW5_Q0.002,JMeter,FluxEV,0.15271044513001322,0.984375,0.08277591973244147,16744,1408,7,MOM,2,120,5,5,2,0.002,7,0
S2P120_SW5_Q0.002,Prometheus 27 指标,FluxEV,0.509623549391452,0.950884605228413,0.34809086515224746,10345,3787,27,MOM,2,120,5,5,2,0.002,7,0
S2P120_SW5_Q0.0025,JMeter,FluxEV,0.17680639373674767,0.9860521528198909,0.09710941232680363,16744,1649,7,MOM,2,120,5,5,2,0.0025,7,0
S2P120_SW5_Q0.0025,Prometheus 27 指标,FluxEV,0.5084721829991528,0.942916993977481,0.34809086515224746,10345,3819,27,MOM,2,120,5,5,2,0.0025,7,0
S2P120_SW5_Q0.003,JMeter,FluxEV,0.18069414316702817,0.9823113207547169,0.09949832775919733,16744,1696,7,MOM,2,120,5,5,2,0.003,7,0
S2P120_SW5_Q0.003,Prometheus 27 指标,FluxEV,0.5318383167220376,0.9363880087740678,0.37138714354760755,10345,4103,27,MOM,2,120,5,5,2,0.003,7,0
S2P120_SW5_Q0.0035,JMeter,FluxEV,0.18460206676405347,0.9810235767682576,0.10188724319159102,16744,1739,7,MOM,2,120,5,5,2,0.0035,7,0
S2P120_SW5_Q0.0035,Prometheus 27 指标,FluxEV,0.5306996339526211,0.9293662312530238,0.37138714354760755,10345,4134,27,MOM,2,120,5,5,2,0.0035,7,0
S2P120_SW5_Q0.004,JMeter,FluxEV,0.25136782866968893,0.9856967715570086,0.1440516005733397,16744,2447,7,MOM,2,120,5,5,2,0.004,7,0
S2P120_SW5_Q0.004,Prometheus 27 指标,FluxEV,0.5043980569778128,0.7858457762323584,0.37138714354760755,10345,4889,27,MOM,2,120,5,5,2,0.004,7,0
S2P120_SW5_Q0.0045,JMeter,FluxEV,0.27285354184886057,0.9840445269016698,0.15838509316770186,16744,2695,7,MOM,2,120,5,5,2,0.0045,7,0
S2P120_SW5_Q0.0045,Prometheus 27 指标,FluxEV,0.5264379675006449,0.7906256052682549,0.3945867568873852,10345,5163,27,MOM,2,120,5,5,2,0.0045,7,0
S2P120_SW5_Q0.005,JMeter,FluxEV,0.3640406607369759,0.7579365079365079,0.2395484949832776,16744,5292,7,MOM,2,120,5,5,2,0.005,7,0
S2P120_SW5_Q0.005,Prometheus 27 指标,FluxEV,0.5069794721407626,0.6445935868754661,0.41778637022716286,10345,6705,27,MOM,2,120,5,5,2,0.005,7,0
S2P120_SW6_Q0.002,JMeter,FluxEV,0.11258725512272011,0.9803921568627451,0.05972288580984233,16744,1020,7,MOM,2,120,6,5,2,0.002,7,0
S2P120_SW6_Q0.002,Prometheus 27 指标,FluxEV,0.5099483112653119,0.9531498147167814,0.34809086515224746,10345,3778,27,MOM,2,120,6,5,2,0.002,7,0
S2P120_SW6_Q0.0025,JMeter,FluxEV,0.16151315789473683,0.9846256684491979,0.08797181079789776,16744,1496,7,MOM,2,120,6,5,2,0.0025,7,0
S2P120_SW6_Q0.0025,Prometheus 27 指标,FluxEV,0.5088314257453723,0.9453924914675768,0.34809086515224746,10345,3809,27,MOM,2,120,6,5,2,0.0025,7,0
S2P120_SW6_Q0.003,JMeter,FluxEV,0.184691999566959,0.9861271676300578,0.10188724319159102,16744,1730,7,MOM,2,120,6,5,2,0.003,7,0
S2P120_SW6_Q0.003,Prometheus 27 指标,FluxEV,0.5071116744120547,0.9336271713767177,0.34809086515224746,10345,3857,27,MOM,2,120,6,5,2,0.003,7,0
S2P120_SW6_Q0.0035,JMeter,FluxEV,0.23065154312846214,0.9886928991406604,0.13055422838031533,16744,2211,7,MOM,2,120,6,5,2,0.0035,7,0
S2P120_SW6_Q0.0035,Prometheus 27 指标,FluxEV,0.530553062210868,0.9284678588690188,0.37138714354760755,10345,4138,27,MOM,2,120,6,5,2,0.0035,7,0
S2P120_SW6_Q0.004,JMeter,FluxEV,0.23055423719875545,0.9851284362325372,0.13055422838031533,16744,2219,7,MOM,2,120,6,5,2,0.004,7,0
S2P120_SW6_Q0.004,Prometheus 27 指标,FluxEV,0.5042325611916793,0.785042909685329,0.37138714354760755,10345,4894,27,MOM,2,120,6,5,2,0.004,7,0
S2P120_SW6_Q0.0045,JMeter,FluxEV,0.2518873327432707,0.9821356069833537,0.1444696607740086,16744,2463,7,MOM,2,120,6,5,2,0.0045,7,0
S2P120_SW6_Q0.0045,Prometheus 27 指标,FluxEV,0.5487208785628135,0.7991863905325444,0.41778637022716286,10345,5408,27,MOM,2,120,6,5,2,0.0045,7,0
S2P120_SW6_Q0.005,JMeter,FluxEV,0.28386780905752756,0.7875577288780222,0.17313664596273293,16744,3681,7,MOM,2,120,6,5,2,0.005,7,0
S2P120_SW6_Q0.005,Prometheus 27 指标,FluxEV,0.4498802956177787,0.48731536813620474,0.41778637022716286,10345,8869,27,MOM,2,120,6,5,2,0.005,7,0
S2P120_SW8_Q0.002,JMeter,FluxEV,0.1996563204811513,0.9898828541001065,0.1110248447204969,16744,1878,7,MOM,2,120,8,5,2,0.002,7,0
S2P120_SW8_Q0.002,Prometheus 27 指标,FluxEV,0.509623549391452,0.950884605228413,0.34809086515224746,10345,3787,27,MOM,2,120,8,5,2,0.002,7,0
S2P120_SW8_Q0.0025,JMeter,FluxEV,0.19962416107382552,0.9883040935672515,0.1110248447204969,16744,1881,7,MOM,2,120,8,5,2,0.0025,7,0
S2P120_SW8_Q0.0025,Prometheus 27 指标,FluxEV,0.5079700945126252,0.9394729976519698,0.34809086515224746,10345,3833,27,MOM,2,120,8,5,2,0.0025,7,0
S2P120_SW8_Q0.003,JMeter,FluxEV,0.19954916273078574,0.9846398305084746,0.1110248447204969,16744,1888,7,MOM,2,120,8,5,2,0.003,7,0
S2P120_SW8_Q0.003,Prometheus 27 指标,FluxEV,0.5316175453161754,0.9350206862983694,0.37138714354760755,10345,4109,27,MOM,2,120,8,5,2,0.003,7,0
S2P120_SW8_Q0.0035,JMeter,FluxEV,0.2217158603147687,0.9835448989186648,0.12494027711419016,16744,2127,7,MOM,2,120,8,5,2,0.0035,7,0
S2P120_SW8_Q0.0035,Prometheus 27 指标,FluxEV,0.5284826514759191,0.7999216147364295,0.3945867568873852,10345,5103,27,MOM,2,120,8,5,2,0.0035,7,0
S2P120_SW8_Q0.004,JMeter,FluxEV,0.22164538856809873,0.9807782466010314,0.12494027711419016,16744,2133,7,MOM,2,120,8,5,2,0.004,7,0
S2P120_SW8_Q0.004,Prometheus 27 指标,FluxEV,0.5496629785069312,0.8031964318899832,0.41778637022716286,10345,5381,27,MOM,2,120,8,5,2,0.004,7,0
S2P120_SW8_Q0.0045,JMeter,FluxEV,0.2215749616056771,0.9780271154745208,0.12494027711419016,16744,2139,7,MOM,2,120,8,5,2,0.0045,7,0
S2P120_SW8_Q0.0045,Prometheus 27 指标,FluxEV,0.5699650174912545,0.8055800812290306,0.4409859835669406,10345,5663,27,MOM,2,120,8,5,2,0.0045,7,0
S2P120_SW8_Q0.005,JMeter,FluxEV,0.22151630664972471,0.9757462686567164,0.12494027711419016,16744,2144,7,MOM,2,120,8,5,2,0.005,7,0
S2P120_SW8_Q0.005,Prometheus 27 指标,FluxEV,0.4690279134323755,0.5008783487044357,0.4409859835669406,10345,9108,27,MOM,2,120,8,5,2,0.005,7,0
S2P120_SW10_Q0.002,JMeter,FluxEV,0.12942817294281728,0.9822184589331076,0.0692785475394171,16744,1181,7,MOM,2,120,10,5,2,0.002,7,0
S2P120_SW10_Q0.002,Prometheus 27 指标,FluxEV,0.5105990783410138,0.9577127659574468,0.34809086515224746,10345,3760,27,MOM,2,120,10,5,2,0.002,7,0
S2P120_SW10_Q0.0025,JMeter,FluxEV,0.12939208031232569,0.9780775716694773,0.0692785475394171,16744,1186,7,MOM,2,120,10,5,2,0.0025,7,0
S2P120_SW10_Q0.0025,Prometheus 27 指标,FluxEV,0.5090112375432893,0.9466351209253417,0.34809086515224746,10345,3804,27,MOM,2,120,10,5,2,0.0025,7,0
S2P120_SW10_Q0.003,JMeter,FluxEV,0.1293848642016619,0.9772535804549284,0.0692785475394171,16744,1187,7,MOM,2,120,10,5,2,0.003,7,0
S2P120_SW10_Q0.003,Prometheus 27 指标,FluxEV,0.5072902725928014,0.9348390446521287,0.34809086515224746,10345,3852,27,MOM,2,120,10,5,2,0.003,7,0
S2P120_SW10_Q0.0035,JMeter,FluxEV,0.15333810336287082,0.9775438596491228,0.08319397993311037,16744,1425,7,MOM,2,120,10,5,2,0.0035,7,0
S2P120_SW10_Q0.0035,Prometheus 27 指标,FluxEV,0.555034332721463,0.9353803849679193,0.3945867568873852,10345,4364,27,MOM,2,120,10,5,2,0.0035,7,0
S2P120_SW10_Q0.004,JMeter,FluxEV,0.1766431287343835,0.9759903961584634,0.09710941232680363,16744,1666,7,MOM,2,120,10,5,2,0.004,7,0
S2P120_SW10_Q0.004,Prometheus 27 指标,FluxEV,0.5280382898906927,0.7978889757623143,0.3945867568873852,10345,5116,27,MOM,2,120,10,5,2,0.004,7,0
S2P120_SW10_Q0.0045,JMeter,FluxEV,0.17660475724991853,0.9736526946107784,0.09710941232680363,16744,1670,7,MOM,2,120,10,5,2,0.0045,7,0
S2P120_SW10_Q0.0045,Prometheus 27 指标,FluxEV,0.5269136439912224,0.7927752961740143,0.3945867568873852,10345,5149,27,MOM,2,120,10,5,2,0.0045,7,0
S2P120_SW10_Q0.005,JMeter,FluxEV,0.19932450544148395,0.9738082765845992,0.1110248447204969,16744,1909,7,MOM,2,120,10,5,2,0.005,7,0
S2P120_SW10_Q0.005,Prometheus 27 指标,FluxEV,0.48638665475126597,0.6338509316770187,0.3945867568873852,10345,6440,27,MOM,2,120,10,5,2,0.005,7,0
S2P120_SW12_Q0.002,JMeter,FluxEV,0.1293992972279547,0.9789029535864979,0.0692785475394171,16744,1185,7,MOM,2,120,12,5,2,0.002,7,0
S2P120_SW12_Q0.002,Prometheus 27 指标,FluxEV,0.4840828701364325,0.9558152793614595,0.32411793136781053,10345,3508,27,MOM,2,120,12,5,2,0.002,7,0
S2P120_SW12_Q0.0025,JMeter,FluxEV,0.1293776488958287,0.9764309764309764,0.0692785475394171,16744,1188,7,MOM,2,120,12,5,2,0.0025,7,0
S2P120_SW12_Q0.0025,Prometheus 27 指标,FluxEV,0.5080599547511312,0.9457752040010529,0.3473175447075882,10345,3799,27,MOM,2,120,12,5,2,0.0025,7,0
S2P120_SW12_Q0.003,JMeter,FluxEV,0.12936322069811532,0.9747899159663865,0.0692785475394171,16744,1190,7,MOM,2,120,12,5,2,0.003,7,0
S2P120_SW12_Q0.003,Prometheus 27 指标,FluxEV,0.5318352059925093,0.9413208936901547,0.37061382310294827,10345,4073,27,MOM,2,120,12,5,2,0.003,7,0
S2P120_SW12_Q0.0035,JMeter,FluxEV,0.15333810336287082,0.9775438596491228,0.08319397993311037,16744,1425,7,MOM,2,120,12,5,2,0.0035,7,0
S2P120_SW12_Q0.0035,Prometheus 27 指标,FluxEV,0.5287818807190603,0.8045023696682464,0.39381343644272593,10345,5064,27,MOM,2,120,12,5,2,0.0035,7,0
S2P120_SW12_Q0.004,JMeter,FluxEV,0.17668151689666414,0.9783393501805054,0.09710941232680363,16744,1662,7,MOM,2,120,12,5,2,0.004,7,0
S2P120_SW12_Q0.004,Prometheus 27 指标,FluxEV,0.5274469186949767,0.7983539094650206,0.39381343644272593,10345,5103,27,MOM,2,120,12,5,2,0.004,7,0
S2P120_SW12_Q0.0045,JMeter,FluxEV,0.17661434855808397,0.9742360695026963,0.09710941232680363,16744,1669,7,MOM,2,120,12,5,2,0.0045,7,0
S2P120_SW12_Q0.0045,Prometheus 27 指标,FluxEV,0.5258809861882019,0.7912215964264906,0.39381343644272593,10345,5149,27,MOM,2,120,12,5,2,0.0045,7,0
S2P120_SW12_Q0.005,JMeter,FluxEV,0.17654723127035832,0.9701670644391408,0.09710941232680363,16744,1676,7,MOM,2,120,12,5,2,0.005,7,0
S2P120_SW12_Q0.005,Prometheus 27 指标,FluxEV,0.4858656192346605,0.6320842366057603,0.3945867568873852,10345,6458,27,MOM,2,120,12,5,2,0.005,7,0
S2P120_SW5_Q0.006,JMeter,FluxEV,0.4763683043529,0.683141805199152,0.3656832298136646,16744,8963,7,MOM,2,120,5,5,2,0.006,7,0
S2P120_SW5_Q0.006,Prometheus 27 指标,FluxEV,0.448479817370551,0.48404076604322993,0.41778637022716286,10345,8929,27,MOM,2,120,5,5,2,0.006,7,0
S2P120_SW5_Q0.008,JMeter,FluxEV,0.4724958791735347,0.6596382318313175,0.3680721452460583,16744,9343,7,MOM,2,120,5,5,2,0.008,7,0
S2P120_SW5_Q0.008,Prometheus 27 指标,FluxEV,0.3742206982543641,0.31346693648410473,0.46418559690671823,10345,15319,27,MOM,2,120,5,5,2,0.008,7,0
S2P120_SW5_Q0.01,JMeter,FluxEV,0.48601464951231554,0.6666319625195211,0.3824056378404205,16744,9605,7,MOM,2,120,5,5,2,0.01,7,0
S2P120_SW5_Q0.01,Prometheus 27 指标,FluxEV,0.3695694000846577,0.30699399053829435,0.46418559690671823,10345,15642,27,MOM,2,120,5,5,2,0.01,7,0
S2P120_SW5_Q0.015,JMeter,FluxEV,0.48326351937808976,0.6563813429010764,0.3824056378404205,16744,9755,7,MOM,2,120,5,5,2,0.015,7,0
S2P120_SW5_Q0.015,Prometheus 27 指标,FluxEV,0.36094027606942736,0.2791312159805528,0.5105848235862736,10345,18923,27,MOM,2,120,5,5,2,0.015,7,0
S2P120_SW10_Q0.006,JMeter,FluxEV,0.2903598229747932,0.7462908011869436,0.18024366937410416,16744,4044,7,MOM,2,120,10,5,2,0.006,7,0
S2P120_SW10_Q0.006,Prometheus 27 指标,FluxEV,0.5245185398102904,0.6470921985815603,0.4409859835669406,10345,7050,27,MOM,2,120,10,5,2,0.006,7,0
S2P120_SW10_Q0.008,JMeter,FluxEV,0.4412040656763096,0.6386373924852875,0.3370162446249403,16744,8836,7,MOM,2,120,10,5,2,0.008,7,0
S2P120_SW10_Q0.008,Prometheus 27 指标,FluxEV,0.4065965082053143,0.3487825124515772,0.4873852102464959,10345,14456,27,MOM,2,120,10,5,2,0.008,7,0
S2P120_SW10_Q0.01,JMeter,FluxEV,0.440807717845565,0.6369793430409753,0.3370162446249403,16744,8859,7,MOM,2,120,10,5,2,0.01,7,0
S2P120_SW10_Q0.01,Prometheus 27 指标,FluxEV,0.3862417649762525,0.31986297024678045,0.4873852102464959,10345,15763,27,MOM,2,120,10,5,2,0.01,7,0
S2P120_SW10_Q0.015,JMeter,FluxEV,0.4828262262941598,0.6547704264239698,0.3824056378404205,16744,9779,7,MOM,2,120,10,5,2,0.015,7,0
S2P120_SW10_Q0.015,Prometheus 27 指标,FluxEV,0.40206786078345713,0.3224902178356596,0.5337844369260513,10345,17123,27,MOM,2,120,10,5,2,0.015,7,0
S2P120_SW20_Q0.006,JMeter,FluxEV,0.4416184066364063,0.6403767589650476,0.3370162446249403,16744,8812,7,MOM,2,120,20,5,2,0.006,7,0
S2P120_SW20_Q0.006,Prometheus 27 指标,FluxEV,0.3934004212497075,0.3297587131367292,0.4874818753020783,10345,15293,27,MOM,2,120,20,5,2,0.006,7,0
S2P120_SW20_Q0.008,JMeter,FluxEV,0.45592281164025267,0.6491228070175439,0.35134973721930246,16744,9063,7,MOM,2,120,20,5,2,0.008,7,0
S2P120_SW20_Q0.008,Prometheus 27 指标,FluxEV,0.3905971652079622,0.3258383407637139,0.4874818753020783,10345,15477,27,MOM,2,120,20,5,2,0.008,7,0
S2P120_SW20_Q0.01,JMeter,FluxEV,0.47202542794776553,0.6578076635713523,0.3680721452460583,16744,9369,7,MOM,2,120,20,5,2,0.01,7,0
S2P120_SW20_Q0.01,Prometheus 27 指标,FluxEV,0.38769940418989046,0.32182514358647096,0.4874818753020783,10345,15670,27,MOM,2,120,20,5,2,0.01,7,0
S2P120_SW20_Q0.015,JMeter,FluxEV,0.529502196193265,0.6839069591527988,0.43197563306258957,16744,10576,7,MOM,2,120,20,5,2,0.015,7,0
S2P120_SW20_Q0.015,Prometheus 27 指标,FluxEV,0.4187093728438101,0.3353303862261517,0.5572740454325761,10345,17192,27,MOM,2,120,20,5,2,0.015,7,0
S2P120_SW30_Q0.006,JMeter,FluxEV,0.4478038328770384,0.6671001300390117,0.3370162446249403,16744,8459,7,MOM,2,120,30,5,2,0.006,7,0
S2P120_SW30_Q0.006,Prometheus 27 指标,FluxEV,0.37832932170619105,0.31964261901586877,0.46341227646205896,10345,14998,27,MOM,2,120,30,5,2,0.006,7,0
S2P120_SW30_Q0.008,JMeter,FluxEV,0.4725683395314957,0.6599207623942607,0.3680721452460583,16744,9339,7,MOM,2,120,30,5,2,0.008,7,0
S2P120_SW30_Q0.008,Prometheus 27 指标,FluxEV,0.3915676682972281,0.3271913319924739,0.4874818753020783,10345,15413,27,MOM,2,120,30,5,2,0.008,7,0
S2P120_SW30_Q0.01,JMeter,FluxEV,0.4722243506244732,0.6585808933532806,0.3680721452460583,16744,9358,7,MOM,2,120,30,5,2,0.01,7,0
S2P120_SW30_Q0.01,Prometheus 27 指标,FluxEV,0.3882814906067139,0.32262811080545073,0.4874818753020783,10345,15631,27,MOM,2,120,30,5,2,0.01,7,0
S2P120_SW30_Q0.015,JMeter,FluxEV,0.5322444794375069,0.6879674334942725,0.4340062111801242,16744,10563,7,MOM,2,120,30,5,2,0.015,7,0
S2P120_SW30_Q0.015,Prometheus 27 指标,FluxEV,0.36147946383771773,0.2872358603406049,0.4874818753020783,10345,17557,27,MOM,2,120,30,5,2,0.015,7,0
