timestamp,value,label,raw_pred,adjusted_pred,missing,params_id
1780032136,13455360.0,0,1,1,0,S2P120_SW8_Q0.0045
1780032141,13275136.0,0,0,0,0,S2P120_SW8_Q0.0045
1780032146,13275136.0,0,0,0,0,S2P120_SW8_Q0.0045
1780032151,13312000.0,0,0,0,0,S2P120_SW8_Q0.0045
1780032156,13312000.0,0,0,0,0,S2P120_SW8_Q0.0045
1780032161,13312000.0,0,0,0,0,S2P120_SW8_Q0.0045
1780032166,13312000.0,0,0,0,0,S2P120_SW8_Q0.0045
1780032171,13426688.0,0,0,0,0,S2P120_SW8_Q0.0045
1780032176,13426688.0,0,0,0,0,S2P120_SW8_Q0.0045
1780032181,13377536.0,0,0,0,0,S2P120_SW8_Q0.0045
1780032186,13377536.0,0,0,0,0,S2P120_SW8_Q0.0045
1780032191,13377536.0,0,0,0,0,S2P120_SW8_Q0.0045
1780032196,13377536.0,0,0,0,0,S2P120_SW8_Q0.0045
1780032201,13611008.0,0,0,0,0,S2P120_SW8_Q0.0045
1780032206,13611008.0,0,0,0,0,S2P120_SW8_Q0.0045
1780032211,13611008.0,0,0,0,0,S2P120_SW8_Q0.0045
1780032216,13623296.0,0,0,0,0,S2P120_SW8_Q0.0045
1780032221,13623296.0,0,0,0,0,S2P120_SW8_Q0.0045
1780032226,13623296.0,0,0,0,0,S2P120_SW8_Q0.0045
1780032231,13385728.0,0,0,0,0,S2P120_SW8_Q0.0045
1780032236,13385728.0,0,0,0,0,S2P120_SW8_Q0.0045
1780032241,13914112.0,0,0,0,0,S2P120_SW8_Q0.0045
1780032246,13914112.0,0,0,0,0,S2P120_SW8_Q0.0045
1780032251,13377536.0,0,0,0,0,S2P120_SW8_Q0.0045
1780032256,13377536.0,0,0,0,0,S2P120_SW8_Q0.0045
1780032261,13377536.0,0,0,0,0,S2P120_SW8_Q0.0045
1780032266,13377536.0,0,0,0,0,S2P120_SW8_Q0.0045
1780032271,13680640.0,0,0,0,0,S2P120_SW8_Q0.0045
1780032276,13680640.0,0,0,0,0,S2P120_SW8_Q0.0045
1780032281,13680640.0,0,0,0,0,S2P120_SW8_Q0.0045
1780032286,13484032.0,0,0,0,0,S2P120_SW8_Q0.0045
1780032291,13484032.0,0,0,0,0,S2P120_SW8_Q0.0045
1780032296,13484032.0,0,0,0,0,S2P120_SW8_Q0.0045
1780032301,13484032.0,0,0,0,0,S2P120_SW8_Q0.0045
1780032306,13328384.0,0,0,0,0,S2P120_SW8_Q0.0045
1780032311,13328384.0,0,0,0,0,S2P120_SW8_Q0.0045
1780032316,13328384.0,0,0,0,0,S2P120_SW8_Q0.0045
1780032321,13234176.0,0,0,0,0,S2P120_SW8_Q0.0045
1780032326,13234176.0,0,0,0,0,S2P120_SW8_Q0.0045
1780032331,13234176.0,0,0,0,0,S2P120_SW8_Q0.0045
1780032336,13590528.0,0,0,0,0,S2P120_SW8_Q0.0045
1780032341,13590528.0,0,0,0,0,S2P120_SW8_Q0.0045
1780032346,13590528.0,0,0,0,0,S2P120_SW8_Q0.0045
1780032351,13541376.0,0,0,0,0,S2P120_SW8_Q0.0045
1780032356,13541376.0,0,0,0,0,S2P120_SW8_Q0.0045
1780032361,14127104.0,0,0,0,0,S2P120_SW8_Q0.0045
1780032366,14127104.0,0,0,0,0,S2P120_SW8_Q0.0045
1780032371,14127104.0,0,0,0,0,S2P120_SW8_Q0.0045
1780032376,13443072.0,0,0,0,0,S2P120_SW8_Q0.0045
1780032381,13443072.0,0,0,0,0,S2P120_SW8_Q0.0045
1780032386,13443072.0,0,0,0,0,S2P120_SW8_Q0.0045
1780032391,13623296.0,0,0,0,0,S2P120_SW8_Q0.0045
1780032396,13623296.0,0,0,0,0,S2P120_SW8_Q0.0045
1780032401,13787136.0,0,0,0,0,S2P120_SW8_Q0.0045
1780032406,13787136.0,0,0,0,0,S2P120_SW8_Q0.0045
1780032411,13844480.0,0,0,0,0,S2P120_SW8_Q0.0045
1780032416,13844480.0,0,0,0,0,S2P120_SW8_Q0.0045
1780032421,13844480.0,0,0,0,0,S2P120_SW8_Q0.0045
1780032426,13733888.0,0,0,0,0,S2P120_SW8_Q0.0045
1780032431,13733888.0,0,0,0,0,S2P120_SW8_Q0.0045
1780032436,13574144.0,0,0,0,0,S2P120_SW8_Q0.0045
1780032441,13574144.0,0,0,0,0,S2P120_SW8_Q0.0045
1780032446,13574144.0,0,0,0,0,S2P120_SW8_Q0.0045
1780032451,13574144.0,0,0,0,0,S2P120_SW8_Q0.0045
1780032456,13455360.0,0,0,0,0,S2P120_SW8_Q0.0045
1780032461,13455360.0,0,0,0,0,S2P120_SW8_Q0.0045
1780032466,13455360.0,0,0,0,0,S2P120_SW8_Q0.0045
1780032471,13430784.0,0,0,0,0,S2P120_SW8_Q0.0045
1780032476,13430784.0,0,0,0,0,S2P120_SW8_Q0.0045
1780032481,13463552.0,0,0,0,0,S2P120_SW8_Q0.0045
1780032486,13463552.0,0,0,0,0,S2P120_SW8_Q0.0045
1780032491,13463552.0,0,0,0,0,S2P120_SW8_Q0.0045
1780032496,13463552.0,0,0,0,0,S2P120_SW8_Q0.0045
1780032501,13942784.0,0,0,0,0,S2P120_SW8_Q0.0045
1780032506,13942784.0,0,0,0,0,S2P120_SW8_Q0.0045
1780032511,13942784.0,0,0,0,0,S2P120_SW8_Q0.0045
1780032516,13959168.0,0,0,0,0,S2P120_SW8_Q0.0045
1780032521,13959168.0,0,0,0,0,S2P120_SW8_Q0.0045
1780032526,13959168.0,0,0,0,0,S2P120_SW8_Q0.0045
1780032531,13959168.0,0,0,0,0,S2P120_SW8_Q0.0045
1780032536,13606912.0,0,0,0,0,S2P120_SW8_Q0.0045
1780032541,13606912.0,0,0,0,0,S2P120_SW8_Q0.0045
1780032546,13606912.0,0,0,0,0,S2P120_SW8_Q0.0045
1780032551,13606912.0,0,0,0,0,S2P120_SW8_Q0.0045
1780032556,13545472.0,0,0,0,0,S2P120_SW8_Q0.0045
1780032561,13545472.0,0,0,0,0,S2P120_SW8_Q0.0045
1780032566,13508608.0,0,0,0,0,S2P120_SW8_Q0.0045
1780032571,13508608.0,0,0,0,0,S2P120_SW8_Q0.0045
1780032576,13676544.0,0,0,0,0,S2P120_SW8_Q0.0045
1780032581,13676544.0,0,0,0,0,S2P120_SW8_Q0.0045
1780032586,13676544.0,0,0,0,0,S2P120_SW8_Q0.0045
1780032591,13664256.0,0,0,0,0,S2P120_SW8_Q0.0045
1780032596,13664256.0,0,0,0,0,S2P120_SW8_Q0.0045
1780032601,13459456.0,0,0,0,0,S2P120_SW8_Q0.0045
1780032606,13459456.0,0,0,0,0,S2P120_SW8_Q0.0045
1780032611,13684736.0,0,0,0,0,S2P120_SW8_Q0.0045
1780032616,13684736.0,0,0,0,0,S2P120_SW8_Q0.0045
1780032621,13684736.0,0,0,0,0,S2P120_SW8_Q0.0045
1780032626,13623296.0,0,0,0,0,S2P120_SW8_Q0.0045
1780032631,13623296.0,0,0,0,0,S2P120_SW8_Q0.0045
1780032636,13623296.0,0,0,0,0,S2P120_SW8_Q0.0045
1780032641,13623296.0,0,0,0,0,S2P120_SW8_Q0.0045
1780032646,14000128.0,0,0,0,0,S2P120_SW8_Q0.0045
1780032651,14000128.0,0,0,0,0,S2P120_SW8_Q0.0045
1780032656,14000128.0,0,0,0,0,S2P120_SW8_Q0.0045
1780032661,14000128.0,0,0,0,0,S2P120_SW8_Q0.0045
1780032666,13824000.0,0,0,0,0,S2P120_SW8_Q0.0045
1780032671,13824000.0,0,0,0,0,S2P120_SW8_Q0.0045
1780032676,13824000.0,0,0,0,0,S2P120_SW8_Q0.0045
1780032681,13598720.0,0,0,0,0,S2P120_SW8_Q0.0045
1780032686,13598720.0,0,0,0,0,S2P120_SW8_Q0.0045
1780032691,13598720.0,0,0,0,0,S2P120_SW8_Q0.0045
1780032696,13598720.0,0,0,0,0,S2P120_SW8_Q0.0045
1780032701,13561856.0,0,0,0,0,S2P120_SW8_Q0.0045
1780032706,13561856.0,0,0,0,0,S2P120_SW8_Q0.0045
1780032711,13561856.0,0,0,0,0,S2P120_SW8_Q0.0045
1780032716,13799424.0,0,0,0,0,S2P120_SW8_Q0.0045
1780032721,13799424.0,0,0,0,0,S2P120_SW8_Q0.0045
1780032726,13799424.0,0,0,0,0,S2P120_SW8_Q0.0045
1780032731,13639680.0,0,0,0,0,S2P120_SW8_Q0.0045
1780032736,13639680.0,0,0,0,0,S2P120_SW8_Q0.0045
1780032741,13639680.0,0,0,0,0,S2P120_SW8_Q0.0045
1780032746,14073856.0,0,0,0,0,S2P120_SW8_Q0.0045
1780032751,14073856.0,0,0,0,0,S2P120_SW8_Q0.0045
1780032756,14073856.0,0,0,0,0,S2P120_SW8_Q0.0045
1780032761,13815808.0,0,0,0,0,S2P120_SW8_Q0.0045
1780032766,13815808.0,0,0,0,0,S2P120_SW8_Q0.0045
1780032771,13742080.0,0,0,0,0,S2P120_SW8_Q0.0045
1780032776,13742080.0,0,0,0,0,S2P120_SW8_Q0.0045
1780032781,13742080.0,0,0,0,0,S2P120_SW8_Q0.0045
1780032786,13787136.0,0,0,0,0,S2P120_SW8_Q0.0045
1780032791,13787136.0,0,0,0,0,S2P120_SW8_Q0.0045
1780032796,13787136.0,0,0,0,0,S2P120_SW8_Q0.0045
1780032801,13787136.0,0,0,0,0,S2P120_SW8_Q0.0045
1780032806,13840384.0,0,0,0,0,S2P120_SW8_Q0.0045
1780032811,13840384.0,0,0,0,0,S2P120_SW8_Q0.0045
1780032816,13840384.0,0,0,0,0,S2P120_SW8_Q0.0045
1780032821,14151680.0,0,0,0,0,S2P120_SW8_Q0.0045
1780032826,14151680.0,0,0,0,0,S2P120_SW8_Q0.0045
1780032831,14151680.0,0,0,0,0,S2P120_SW8_Q0.0045
1780032836,14151680.0,0,0,0,0,S2P120_SW8_Q0.0045
1780032841,13844480.0,0,0,0,0,S2P120_SW8_Q0.0045
1780032846,13844480.0,0,0,0,0,S2P120_SW8_Q0.0045
1780032851,13844480.0,0,0,0,0,S2P120_SW8_Q0.0045
1780032856,13737984.0,0,0,0,0,S2P120_SW8_Q0.0045
1780032861,13737984.0,0,0,0,0,S2P120_SW8_Q0.0045
1780032866,13737984.0,0,0,0,0,S2P120_SW8_Q0.0045
1780032871,13856768.0,0,0,0,0,S2P120_SW8_Q0.0045
1780032876,13856768.0,0,0,0,0,S2P120_SW8_Q0.0045
1780032881,13856768.0,0,0,0,0,S2P120_SW8_Q0.0045
1780032886,13856768.0,0,0,0,0,S2P120_SW8_Q0.0045
1780032891,13828096.0,0,0,0,0,S2P120_SW8_Q0.0045
1780032896,13828096.0,0,0,0,0,S2P120_SW8_Q0.0045
1780032901,14323712.0,0,0,0,0,S2P120_SW8_Q0.0045
1780032906,14323712.0,0,0,0,0,S2P120_SW8_Q0.0045
1780032911,14323712.0,0,0,0,0,S2P120_SW8_Q0.0045
1780032916,14323712.0,0,0,0,0,S2P120_SW8_Q0.0045
1780032921,14692352.0,0,0,0,0,S2P120_SW8_Q0.0045
1780032926,14692352.0,0,0,0,0,S2P120_SW8_Q0.0045
1780032931,13475840.0,0,1,1,0,S2P120_SW8_Q0.0045
1780032936,13475840.0,0,0,0,0,S2P120_SW8_Q0.0045
1780032941,14135296.0,0,0,0,0,S2P120_SW8_Q0.0045
1780032946,14135296.0,0,0,0,0,S2P120_SW8_Q0.0045
1780032951,14135296.0,0,0,0,0,S2P120_SW8_Q0.0045
1780032956,14135296.0,0,0,0,0,S2P120_SW8_Q0.0045
1780032961,14143488.0,0,0,0,0,S2P120_SW8_Q0.0045
1780032966,14143488.0,0,0,0,0,S2P120_SW8_Q0.0045
1780032971,14065664.0,0,0,0,0,S2P120_SW8_Q0.0045
1780032976,14065664.0,0,0,0,0,S2P120_SW8_Q0.0045
1780032981,14065664.0,0,0,0,0,S2P120_SW8_Q0.0045
1780032986,14151680.0,0,0,0,0,S2P120_SW8_Q0.0045
1780032991,14151680.0,0,0,0,0,S2P120_SW8_Q0.0045
1780032996,14151680.0,0,0,0,0,S2P120_SW8_Q0.0045
1780033001,14151680.0,0,0,0,0,S2P120_SW8_Q0.0045
1780033006,14098432.0,0,0,0,0,S2P120_SW8_Q0.0045
1780033011,14098432.0,0,0,0,0,S2P120_SW8_Q0.0045
1780033016,13586432.0,0,0,0,0,S2P120_SW8_Q0.0045
1780033021,13586432.0,0,0,0,0,S2P120_SW8_Q0.0045
1780033026,13586432.0,0,0,0,0,S2P120_SW8_Q0.0045
1780033031,13508608.0,0,0,0,0,S2P120_SW8_Q0.0045
1780033036,13508608.0,0,0,0,0,S2P120_SW8_Q0.0045
1780033041,13508608.0,0,0,0,0,S2P120_SW8_Q0.0045
1780033046,14188544.0,0,0,0,0,S2P120_SW8_Q0.0045
1780033051,14188544.0,0,0,0,0,S2P120_SW8_Q0.0045
1780033056,14188544.0,0,0,0,0,S2P120_SW8_Q0.0045
1780033061,14282752.0,0,0,0,0,S2P120_SW8_Q0.0045
1780033066,14282752.0,0,0,0,0,S2P120_SW8_Q0.0045
1780033071,14282752.0,0,0,0,0,S2P120_SW8_Q0.0045
1780033076,13787136.0,0,0,0,0,S2P120_SW8_Q0.0045
1780033081,13787136.0,0,0,0,0,S2P120_SW8_Q0.0045
1780033086,13938688.0,0,0,0,0,S2P120_SW8_Q0.0045
1780033091,13938688.0,0,0,0,0,S2P120_SW8_Q0.0045
1780033096,13938688.0,0,0,0,0,S2P120_SW8_Q0.0045
1780033101,13910016.0,0,0,0,0,S2P120_SW8_Q0.0045
1780033106,13910016.0,0,0,0,0,S2P120_SW8_Q0.0045
1780033111,13910016.0,0,0,0,0,S2P120_SW8_Q0.0045
1780033116,14360576.0,0,0,0,0,S2P120_SW8_Q0.0045
1780033121,14360576.0,0,0,0,0,S2P120_SW8_Q0.0045
1780033126,13778944.0,0,0,0,0,S2P120_SW8_Q0.0045
1780033131,13778944.0,0,0,0,0,S2P120_SW8_Q0.0045
1780033136,13778944.0,0,0,0,0,S2P120_SW8_Q0.0045
1780033141,13778944.0,0,0,0,0,S2P120_SW8_Q0.0045
1780033146,13934592.0,0,0,0,0,S2P120_SW8_Q0.0045
1780033151,13934592.0,0,0,0,0,S2P120_SW8_Q0.0045
1780033156,13934592.0,0,0,0,0,S2P120_SW8_Q0.0045
1780033161,13873152.0,0,0,0,0,S2P120_SW8_Q0.0045
1780033166,13873152.0,0,0,0,0,S2P120_SW8_Q0.0045
1780033171,13873152.0,0,0,0,0,S2P120_SW8_Q0.0045
1780033176,13873152.0,0,0,0,0,S2P120_SW8_Q0.0045
1780033181,13987840.0,0,0,0,0,S2P120_SW8_Q0.0045
1780033186,13987840.0,0,0,0,0,S2P120_SW8_Q0.0045
1780033191,13987840.0,0,0,0,0,S2P120_SW8_Q0.0045
1780033196,13832192.0,0,0,0,0,S2P120_SW8_Q0.0045
1780033201,13832192.0,0,0,0,0,S2P120_SW8_Q0.0045
1780033206,13832192.0,0,0,0,0,S2P120_SW8_Q0.0045
1780033211,13832192.0,0,0,0,0,S2P120_SW8_Q0.0045
1780033216,14233600.0,0,0,0,0,S2P120_SW8_Q0.0045
1780033221,14233600.0,0,0,0,0,S2P120_SW8_Q0.0045
1780033226,14016512.0,0,0,0,0,S2P120_SW8_Q0.0045
1780033231,14016512.0,0,0,0,0,S2P120_SW8_Q0.0045
1780033236,14016512.0,0,0,0,0,S2P120_SW8_Q0.0045
1780033241,14082048.0,0,0,0,0,S2P120_SW8_Q0.0045
1780033246,14082048.0,0,0,0,0,S2P120_SW8_Q0.0045
1780033251,14082048.0,0,0,0,0,S2P120_SW8_Q0.0045
1780033256,13987840.0,0,0,0,0,S2P120_SW8_Q0.0045
1780033261,13987840.0,0,0,0,0,S2P120_SW8_Q0.0045
1780033266,13987840.0,0,0,0,0,S2P120_SW8_Q0.0045
1780033271,14057472.0,0,0,0,0,S2P120_SW8_Q0.0045
1780033276,14057472.0,0,0,0,0,S2P120_SW8_Q0.0045
1780033281,14094336.0,0,0,0,0,S2P120_SW8_Q0.0045
1780033286,14094336.0,0,0,0,0,S2P120_SW8_Q0.0045
1780033291,14299136.0,0,0,0,0,S2P120_SW8_Q0.0045
1780033296,14299136.0,0,0,0,0,S2P120_SW8_Q0.0045
1780033301,14299136.0,0,0,0,0,S2P120_SW8_Q0.0045
1780033306,14512128.0,0,0,0,0,S2P120_SW8_Q0.0045
1780033311,14512128.0,0,0,0,0,S2P120_SW8_Q0.0045
1780033316,14512128.0,0,0,0,0,S2P120_SW8_Q0.0045
1780033321,14512128.0,0,0,0,0,S2P120_SW8_Q0.0045
1780033326,14213120.0,0,0,0,0,S2P120_SW8_Q0.0045
1780033331,14213120.0,0,0,0,0,S2P120_SW8_Q0.0045
1780033336,14127104.0,0,0,0,0,S2P120_SW8_Q0.0045
1780033341,14127104.0,0,0,0,0,S2P120_SW8_Q0.0045
1780033346,14127104.0,0,0,0,0,S2P120_SW8_Q0.0045
1780033351,13996032.0,0,0,0,0,S2P120_SW8_Q0.0045
1780033356,13996032.0,0,0,0,0,S2P120_SW8_Q0.0045
1780033361,13996032.0,0,0,0,0,S2P120_SW8_Q0.0045
1780033366,14188544.0,0,0,0,0,S2P120_SW8_Q0.0045
1780033371,14188544.0,0,0,0,0,S2P120_SW8_Q0.0045
1780033376,14188544.0,0,0,0,0,S2P120_SW8_Q0.0045
1780033381,14290944.0,0,0,0,0,S2P120_SW8_Q0.0045
1780033386,14290944.0,0,0,0,0,S2P120_SW8_Q0.0045
1780033391,14290944.0,0,0,0,0,S2P120_SW8_Q0.0045
1780033396,14290944.0,0,0,0,0,S2P120_SW8_Q0.0045
1780033401,14123008.0,0,0,0,0,S2P120_SW8_Q0.0045
1780033406,14123008.0,0,0,0,0,S2P120_SW8_Q0.0045
1780033411,14344192.0,0,0,0,0,S2P120_SW8_Q0.0045
1780033416,14344192.0,0,0,0,0,S2P120_SW8_Q0.0045
1780033421,14344192.0,0,0,0,0,S2P120_SW8_Q0.0045
1780033426,14344192.0,0,0,0,0,S2P120_SW8_Q0.0045
1780033431,14139392.0,0,0,0,0,S2P120_SW8_Q0.0045
1780033436,14139392.0,0,0,0,0,S2P120_SW8_Q0.0045
1780033441,14159872.0,0,0,0,0,S2P120_SW8_Q0.0045
1780033446,14159872.0,0,0,0,0,S2P120_SW8_Q0.0045
1780033451,13979648.0,0,0,0,0,S2P120_SW8_Q0.0045
1780033456,13979648.0,0,0,0,0,S2P120_SW8_Q0.0045
1780033461,13979648.0,0,0,0,0,S2P120_SW8_Q0.0045
1780033466,14065664.0,0,0,0,0,S2P120_SW8_Q0.0045
1780033471,14065664.0,0,0,0,0,S2P120_SW8_Q0.0045
1780033476,14557184.0,0,0,0,0,S2P120_SW8_Q0.0045
1780033481,14557184.0,0,0,0,0,S2P120_SW8_Q0.0045
1780033486,14557184.0,0,0,0,0,S2P120_SW8_Q0.0045
1780033491,14143488.0,0,0,0,0,S2P120_SW8_Q0.0045
1780033496,14143488.0,0,0,0,0,S2P120_SW8_Q0.0045
1780033501,14143488.0,0,0,0,0,S2P120_SW8_Q0.0045
1780033506,14143488.0,0,0,0,0,S2P120_SW8_Q0.0045
1780033511,14192640.0,0,0,0,0,S2P120_SW8_Q0.0045
1780033516,14192640.0,0,0,0,0,S2P120_SW8_Q0.0045
1780033521,14192640.0,0,0,0,0,S2P120_SW8_Q0.0045
1780033526,13856768.0,0,0,0,0,S2P120_SW8_Q0.0045
1780033531,13856768.0,0,0,0,0,S2P120_SW8_Q0.0045
1780033536,13856768.0,0,0,0,0,S2P120_SW8_Q0.0045
1780033541,14131200.0,0,0,0,0,S2P120_SW8_Q0.0045
1780033546,14131200.0,0,0,0,0,S2P120_SW8_Q0.0045
1780033551,14131200.0,0,0,0,0,S2P120_SW8_Q0.0045
1780033556,14180352.0,0,0,0,0,S2P120_SW8_Q0.0045
1780033561,14180352.0,0,0,0,0,S2P120_SW8_Q0.0045
1780033566,14249984.0,0,0,0,0,S2P120_SW8_Q0.0045
1780033571,14249984.0,0,0,0,0,S2P120_SW8_Q0.0045
1780033576,14295040.0,0,0,0,0,S2P120_SW8_Q0.0045
1780033581,14295040.0,0,0,0,0,S2P120_SW8_Q0.0045
1780033586,14295040.0,0,0,0,0,S2P120_SW8_Q0.0045
1780033591,14036992.0,0,0,0,0,S2P120_SW8_Q0.0045
1780033596,14036992.0,0,0,0,0,S2P120_SW8_Q0.0045
1780033601,14036992.0,0,0,0,0,S2P120_SW8_Q0.0045
1780033606,14053376.0,0,0,0,0,S2P120_SW8_Q0.0045
1780033611,14053376.0,0,0,0,0,S2P120_SW8_Q0.0045
1780033616,14053376.0,0,0,0,0,S2P120_SW8_Q0.0045
1780033621,14241792.0,0,0,0,0,S2P120_SW8_Q0.0045
1780033626,14241792.0,0,0,0,0,S2P120_SW8_Q0.0045
1780033631,14196736.0,0,0,0,0,S2P120_SW8_Q0.0045
1780033636,14196736.0,0,0,0,0,S2P120_SW8_Q0.0045
1780033641,14196736.0,0,0,0,0,S2P120_SW8_Q0.0045
1780033646,14307328.0,0,0,0,0,S2P120_SW8_Q0.0045
1780033651,14307328.0,0,0,0,0,S2P120_SW8_Q0.0045
1780033656,14307328.0,0,0,0,0,S2P120_SW8_Q0.0045
1780033661,14077952.0,0,0,0,0,S2P120_SW8_Q0.0045
1780033666,14077952.0,0,0,0,0,S2P120_SW8_Q0.0045
1780033671,14077952.0,0,0,0,0,S2P120_SW8_Q0.0045
1780033676,14077952.0,0,0,0,0,S2P120_SW8_Q0.0045
1780033681,14209024.0,0,0,0,0,S2P120_SW8_Q0.0045
1780033686,14209024.0,0,0,0,0,S2P120_SW8_Q0.0045
1780033691,14209024.0,0,0,0,0,S2P120_SW8_Q0.0045
1780033696,14823424.0,0,0,0,0,S2P120_SW8_Q0.0045
1780033701,14823424.0,0,0,0,0,S2P120_SW8_Q0.0045
1780033706,14823424.0,0,0,0,0,S2P120_SW8_Q0.0045
1780033711,14528512.0,0,0,0,0,S2P120_SW8_Q0.0045
1780033716,14528512.0,0,0,0,0,S2P120_SW8_Q0.0045
1780033721,14528512.0,0,0,0,0,S2P120_SW8_Q0.0045
1780033726,14528512.0,0,0,0,0,S2P120_SW8_Q0.0045
1780033731,14319616.0,0,0,0,0,S2P120_SW8_Q0.0045
1780033736,14319616.0,0,0,0,0,S2P120_SW8_Q0.0045
1780033741,14319616.0,0,0,0,0,S2P120_SW8_Q0.0045
1780033746,14172160.0,0,0,0,0,S2P120_SW8_Q0.0045
1780033751,14172160.0,0,0,0,0,S2P120_SW8_Q0.0045
1780033756,14290944.0,0,0,0,0,S2P120_SW8_Q0.0045
1780033761,14290944.0,0,0,0,0,S2P120_SW8_Q0.0045
1780033766,14290944.0,0,0,0,0,S2P120_SW8_Q0.0045
1780033771,14360576.0,0,0,0,0,S2P120_SW8_Q0.0045
1780033776,14360576.0,0,0,0,0,S2P120_SW8_Q0.0045
1780033781,14360576.0,0,0,0,0,S2P120_SW8_Q0.0045
1780033786,14360576.0,0,0,0,0,S2P120_SW8_Q0.0045
1780033791,14675968.0,0,0,0,0,S2P120_SW8_Q0.0045
1780033796,14675968.0,0,0,0,0,S2P120_SW8_Q0.0045
1780033801,14331904.0,0,0,0,0,S2P120_SW8_Q0.0045
1780033806,14331904.0,0,0,0,0,S2P120_SW8_Q0.0045
1780033811,14331904.0,0,0,0,0,S2P120_SW8_Q0.0045
1780033816,14331904.0,0,0,0,0,S2P120_SW8_Q0.0045
1780033821,14348288.0,0,0,0,0,S2P120_SW8_Q0.0045
1780033826,14348288.0,0,0,0,0,S2P120_SW8_Q0.0045
1780033831,14348288.0,0,0,0,0,S2P120_SW8_Q0.0045
1780033836,14143488.0,0,0,0,0,S2P120_SW8_Q0.0045
1780033841,14143488.0,0,0,0,0,S2P120_SW8_Q0.0045
1780033846,14143488.0,0,0,0,0,S2P120_SW8_Q0.0045
1780033851,14143488.0,0,0,0,0,S2P120_SW8_Q0.0045
1780033856,14700544.0,0,0,0,0,S2P120_SW8_Q0.0045
1780033861,14700544.0,0,0,0,0,S2P120_SW8_Q0.0045
1780033866,14700544.0,0,0,0,0,S2P120_SW8_Q0.0045
1780033871,14700544.0,0,0,0,0,S2P120_SW8_Q0.0045
1780033876,14348288.0,0,0,0,0,S2P120_SW8_Q0.0045
1780033881,14348288.0,0,0,0,0,S2P120_SW8_Q0.0045
1780033886,14348288.0,0,0,0,0,S2P120_SW8_Q0.0045
1780033891,14536704.0,0,0,0,0,S2P120_SW8_Q0.0045
1780033896,14536704.0,0,0,0,0,S2P120_SW8_Q0.0045
1780033901,14536704.0,0,0,0,0,S2P120_SW8_Q0.0045
1780033906,14368768.0,0,0,0,0,S2P120_SW8_Q0.0045
1780033911,14368768.0,0,0,0,0,S2P120_SW8_Q0.0045
1780033916,14368768.0,0,0,0,0,S2P120_SW8_Q0.0045
1780033921,14368768.0,0,0,0,0,S2P120_SW8_Q0.0045
1780033926,14401536.0,0,0,0,0,S2P120_SW8_Q0.0045
1780033931,14401536.0,0,0,0,0,S2P120_SW8_Q0.0045
1780033936,14401536.0,0,0,0,0,S2P120_SW8_Q0.0045
1780033941,14401536.0,0,0,0,0,S2P120_SW8_Q0.0045
1780033946,14401536.0,0,0,0,0,S2P120_SW8_Q0.0045
1780033951,14401536.0,0,0,0,0,S2P120_SW8_Q0.0045
1780033956,14401536.0,0,0,0,0,S2P120_SW8_Q0.0045
1780033961,14229504.0,0,0,0,0,S2P120_SW8_Q0.0045
1780033966,14229504.0,0,0,0,0,S2P120_SW8_Q0.0045
1780033971,14229504.0,0,0,0,0,S2P120_SW8_Q0.0045
1780033976,14573568.0,0,0,0,0,S2P120_SW8_Q0.0045
1780033981,14573568.0,0,0,0,0,S2P120_SW8_Q0.0045
1780033986,14462976.0,0,0,0,0,S2P120_SW8_Q0.0045
1780033991,14462976.0,0,0,0,0,S2P120_SW8_Q0.0045
1780033996,14462976.0,0,0,0,0,S2P120_SW8_Q0.0045
1780034001,14462976.0,0,0,0,0,S2P120_SW8_Q0.0045
1780034006,14606336.0,0,0,0,0,S2P120_SW8_Q0.0045
1780034011,14606336.0,0,0,0,0,S2P120_SW8_Q0.0045
1780034016,14827520.0,0,0,0,0,S2P120_SW8_Q0.0045
1780034021,14827520.0,0,0,0,0,S2P120_SW8_Q0.0045
1780034026,14827520.0,0,0,0,0,S2P120_SW8_Q0.0045
1780034031,13950976.0,0,1,1,0,S2P120_SW8_Q0.0045
1780034036,13950976.0,0,0,0,0,S2P120_SW8_Q0.0045
1780034041,13950976.0,0,0,0,0,S2P120_SW8_Q0.0045
1780034046,15110144.0,0,0,0,0,S2P120_SW8_Q0.0045
1780034051,15110144.0,0,0,0,0,S2P120_SW8_Q0.0045
1780034056,15110144.0,0,0,0,0,S2P120_SW8_Q0.0045
1780034061,14790656.0,0,0,0,0,S2P120_SW8_Q0.0045
1780034066,14790656.0,0,0,0,0,S2P120_SW8_Q0.0045
1780034071,14790656.0,0,0,0,0,S2P120_SW8_Q0.0045
1780034076,14430208.0,0,0,0,0,S2P120_SW8_Q0.0045
1780034081,14430208.0,0,0,0,0,S2P120_SW8_Q0.0045
1780034086,14430208.0,0,0,0,0,S2P120_SW8_Q0.0045
1780034091,14258176.0,0,0,0,0,S2P120_SW8_Q0.0045
1780034096,14258176.0,0,0,0,0,S2P120_SW8_Q0.0045
1780034101,14258176.0,0,0,0,0,S2P120_SW8_Q0.0045
1780034106,14467072.0,0,0,0,0,S2P120_SW8_Q0.0045
1780034111,14467072.0,0,0,0,0,S2P120_SW8_Q0.0045
1780034116,14467072.0,0,0,0,0,S2P120_SW8_Q0.0045
1780034121,14331904.0,0,0,0,0,S2P120_SW8_Q0.0045
1780034126,14331904.0,0,0,0,0,S2P120_SW8_Q0.0045
1780034131,14331904.0,0,0,0,0,S2P120_SW8_Q0.0045
1780034136,14626816.0,0,0,0,0,S2P120_SW8_Q0.0045
1780034141,14626816.0,0,0,0,0,S2P120_SW8_Q0.0045
1780034146,14626816.0,0,0,0,0,S2P120_SW8_Q0.0045
1780034151,14626816.0,0,0,0,0,S2P120_SW8_Q0.0045
1780034156,14495744.0,0,0,0,0,S2P120_SW8_Q0.0045
1780034161,14495744.0,0,0,0,0,S2P120_SW8_Q0.0045
1780034166,15642624.0,0,1,1,0,S2P120_SW8_Q0.0045
1780034171,15642624.0,0,0,0,0,S2P120_SW8_Q0.0045
1780034176,15642624.0,0,0,0,0,S2P120_SW8_Q0.0045
1780034181,15642624.0,0,0,0,0,S2P120_SW8_Q0.0045
1780034186,14331904.0,0,0,0,0,S2P120_SW8_Q0.0045
1780034191,14331904.0,0,0,0,0,S2P120_SW8_Q0.0045
1780034196,14331904.0,0,0,0,0,S2P120_SW8_Q0.0045
1780034201,14295040.0,0,0,0,0,S2P120_SW8_Q0.0045
1780034206,14295040.0,0,0,0,0,S2P120_SW8_Q0.0045
1780034211,14295040.0,0,0,0,0,S2P120_SW8_Q0.0045
1780034216,14413824.0,0,0,0,0,S2P120_SW8_Q0.0045
1780034221,14413824.0,0,0,0,0,S2P120_SW8_Q0.0045
1780034226,14413824.0,0,0,0,0,S2P120_SW8_Q0.0045
1780034231,14524416.0,0,0,0,0,S2P120_SW8_Q0.0045
1780034236,14524416.0,0,0,0,0,S2P120_SW8_Q0.0045
1780034241,14524416.0,0,0,0,0,S2P120_SW8_Q0.0045
1780034246,14524416.0,0,0,0,0,S2P120_SW8_Q0.0045
1780034251,14499840.0,0,0,0,0,S2P120_SW8_Q0.0045
1780034256,14499840.0,0,0,0,0,S2P120_SW8_Q0.0045
1780034261,14499840.0,0,0,0,0,S2P120_SW8_Q0.0045
1780034266,14581760.0,0,0,0,0,S2P120_SW8_Q0.0045
1780034271,14581760.0,0,0,0,0,S2P120_SW8_Q0.0045
1780034276,14581760.0,0,0,0,0,S2P120_SW8_Q0.0045
1780034281,14209024.0,0,0,0,0,S2P120_SW8_Q0.0045
1780034286,14209024.0,0,0,0,0,S2P120_SW8_Q0.0045
1780034291,14209024.0,0,0,0,0,S2P120_SW8_Q0.0045
1780034296,14315520.0,0,0,0,0,S2P120_SW8_Q0.0045
1780034301,14315520.0,0,0,0,0,S2P120_SW8_Q0.0045
1780034306,14675968.0,0,0,0,0,S2P120_SW8_Q0.0045
1780034311,14675968.0,0,0,0,0,S2P120_SW8_Q0.0045
1780034316,14675968.0,0,0,0,0,S2P120_SW8_Q0.0045
1780034321,14675968.0,0,0,0,0,S2P120_SW8_Q0.0045
1780034326,14487552.0,0,0,0,0,S2P120_SW8_Q0.0045
1780034331,14487552.0,0,0,0,0,S2P120_SW8_Q0.0045
1780034336,14487552.0,0,0,0,0,S2P120_SW8_Q0.0045
1780034341,14487552.0,0,0,0,0,S2P120_SW8_Q0.0045
1780034346,14356480.0,0,0,0,0,S2P120_SW8_Q0.0045
1780034351,14356480.0,0,0,0,0,S2P120_SW8_Q0.0045
1780034356,14495744.0,0,0,0,0,S2P120_SW8_Q0.0045
1780034361,14495744.0,0,0,0,0,S2P120_SW8_Q0.0045
1780034366,14495744.0,0,0,0,0,S2P120_SW8_Q0.0045
1780034371,14495744.0,0,0,0,0,S2P120_SW8_Q0.0045
1780034376,14790656.0,0,0,0,0,S2P120_SW8_Q0.0045
1780034381,14790656.0,0,0,0,0,S2P120_SW8_Q0.0045
1780034386,14487552.0,0,0,0,0,S2P120_SW8_Q0.0045
1780034391,14487552.0,0,0,0,0,S2P120_SW8_Q0.0045
1780034396,14487552.0,0,0,0,0,S2P120_SW8_Q0.0045
1780034401,14487552.0,0,0,0,0,S2P120_SW8_Q0.0045
1780034406,14589952.0,0,0,0,0,S2P120_SW8_Q0.0045
1780034411,14589952.0,0,0,0,0,S2P120_SW8_Q0.0045
1780034416,14589952.0,0,0,0,0,S2P120_SW8_Q0.0045
1780034421,14245888.0,0,0,0,0,S2P120_SW8_Q0.0045
1780034426,14245888.0,0,0,0,0,S2P120_SW8_Q0.0045
1780034431,14737408.0,0,0,0,0,S2P120_SW8_Q0.0045
1780034436,14737408.0,0,0,0,0,S2P120_SW8_Q0.0045
1780034441,14737408.0,0,0,0,0,S2P120_SW8_Q0.0045
1780034446,14745600.0,0,0,0,0,S2P120_SW8_Q0.0045
1780034451,14745600.0,0,0,0,0,S2P120_SW8_Q0.0045
1780034456,14307328.0,0,0,0,0,S2P120_SW8_Q0.0045
1780034461,14307328.0,0,0,0,0,S2P120_SW8_Q0.0045
1780034466,14307328.0,0,0,0,0,S2P120_SW8_Q0.0045
1780034471,14528512.0,0,0,0,0,S2P120_SW8_Q0.0045
1780034476,14528512.0,0,0,0,0,S2P120_SW8_Q0.0045
1780034481,14528512.0,0,0,0,0,S2P120_SW8_Q0.0045
1780034486,14376960.0,0,0,0,0,S2P120_SW8_Q0.0045
1780034491,14376960.0,0,0,0,0,S2P120_SW8_Q0.0045
1780034496,14376960.0,0,0,0,0,S2P120_SW8_Q0.0045
1780034501,14376960.0,0,0,0,0,S2P120_SW8_Q0.0045
1780034506,14581760.0,0,0,0,0,S2P120_SW8_Q0.0045
1780034511,14581760.0,0,0,0,0,S2P120_SW8_Q0.0045
1780034516,14581760.0,0,0,0,0,S2P120_SW8_Q0.0045
1780034521,14528512.0,0,0,0,0,S2P120_SW8_Q0.0045
1780034526,14528512.0,0,0,0,0,S2P120_SW8_Q0.0045
1780034531,14528512.0,0,0,0,0,S2P120_SW8_Q0.0045
1780034536,14520320.0,0,0,0,0,S2P120_SW8_Q0.0045
1780034541,14520320.0,0,0,0,0,S2P120_SW8_Q0.0045
1780034546,14520320.0,0,0,0,0,S2P120_SW8_Q0.0045
1780034551,14807040.0,0,0,0,0,S2P120_SW8_Q0.0045
1780034556,14807040.0,0,0,0,0,S2P120_SW8_Q0.0045
1780034561,14671872.0,0,0,0,0,S2P120_SW8_Q0.0045
1780034566,14671872.0,0,0,0,0,S2P120_SW8_Q0.0045
1780034571,14671872.0,0,0,0,0,S2P120_SW8_Q0.0045
1780034576,14635008.0,0,0,0,0,S2P120_SW8_Q0.0045
1780034581,14635008.0,0,0,0,0,S2P120_SW8_Q0.0045
1780034586,14635008.0,0,0,0,0,S2P120_SW8_Q0.0045
1780034591,14635008.0,0,0,0,0,S2P120_SW8_Q0.0045
1780034596,14970880.0,0,0,0,0,S2P120_SW8_Q0.0045
1780034601,14970880.0,0,0,0,0,S2P120_SW8_Q0.0045
1780034606,14970880.0,0,0,0,0,S2P120_SW8_Q0.0045
1780034611,14438400.0,0,0,0,0,S2P120_SW8_Q0.0045
1780034616,14438400.0,0,0,0,0,S2P120_SW8_Q0.0045
1780034621,14663680.0,0,0,0,0,S2P120_SW8_Q0.0045
1780034626,14663680.0,0,0,0,0,S2P120_SW8_Q0.0045
1780034631,14663680.0,0,0,0,0,S2P120_SW8_Q0.0045
1780034636,14663680.0,0,0,0,0,S2P120_SW8_Q0.0045
1780034641,14458880.0,0,0,0,0,S2P120_SW8_Q0.0045
1780034646,14458880.0,0,0,0,0,S2P120_SW8_Q0.0045
1780034651,14458880.0,0,0,0,0,S2P120_SW8_Q0.0045
1780034656,14458880.0,0,0,0,0,S2P120_SW8_Q0.0045
1780034661,14524416.0,0,0,0,0,S2P120_SW8_Q0.0045
1780034666,14524416.0,0,0,0,0,S2P120_SW8_Q0.0045
1780034671,14524416.0,0,0,0,0,S2P120_SW8_Q0.0045
1780034676,14622720.0,0,0,0,0,S2P120_SW8_Q0.0045
1780034681,14622720.0,0,0,0,0,S2P120_SW8_Q0.0045
1780034686,14622720.0,0,0,0,0,S2P120_SW8_Q0.0045
1780034691,14774272.0,0,0,0,0,S2P120_SW8_Q0.0045
1780034696,14774272.0,0,0,0,0,S2P120_SW8_Q0.0045
1780034701,14774272.0,0,0,0,0,S2P120_SW8_Q0.0045
1780034706,14774272.0,0,0,0,0,S2P120_SW8_Q0.0045
1780034711,14942208.0,0,0,0,0,S2P120_SW8_Q0.0045
1780034716,14942208.0,0,0,0,0,S2P120_SW8_Q0.0045
1780034721,14942208.0,0,0,0,0,S2P120_SW8_Q0.0045
1780034726,14606336.0,0,0,0,0,S2P120_SW8_Q0.0045
1780034731,14606336.0,0,0,0,0,S2P120_SW8_Q0.0045
1780034736,14606336.0,0,0,0,0,S2P120_SW8_Q0.0045
1780034741,14606336.0,0,0,0,0,S2P120_SW8_Q0.0045
1780034746,14626816.0,0,0,0,0,S2P120_SW8_Q0.0045
1780034751,14626816.0,0,0,0,0,S2P120_SW8_Q0.0045
1780034756,14798848.0,0,0,0,0,S2P120_SW8_Q0.0045
1780034761,14798848.0,0,0,0,0,S2P120_SW8_Q0.0045
1780034766,14798848.0,0,0,0,0,S2P120_SW8_Q0.0045
1780034771,14573568.0,0,0,0,0,S2P120_SW8_Q0.0045
1780034776,14573568.0,0,0,0,0,S2P120_SW8_Q0.0045
1780034781,14573568.0,0,0,0,0,S2P120_SW8_Q0.0045
1780034786,14352384.0,0,0,0,0,S2P120_SW8_Q0.0045
1780034791,14352384.0,0,0,0,0,S2P120_SW8_Q0.0045
1780034796,14352384.0,0,0,0,0,S2P120_SW8_Q0.0045
1780034801,14352384.0,0,0,0,0,S2P120_SW8_Q0.0045
1780034806,14761984.0,0,0,0,0,S2P120_SW8_Q0.0045
1780034811,14761984.0,0,0,0,0,S2P120_SW8_Q0.0045
1780034816,14761984.0,0,0,0,0,S2P120_SW8_Q0.0045
1780034821,14753792.0,0,0,0,0,S2P120_SW8_Q0.0045
1780034826,14753792.0,0,0,0,0,S2P120_SW8_Q0.0045
1780034831,14753792.0,0,0,0,0,S2P120_SW8_Q0.0045
1780034836,14753792.0,0,0,0,0,S2P120_SW8_Q0.0045
1780034841,14401536.0,0,0,0,0,S2P120_SW8_Q0.0045
1780034846,14401536.0,0,0,0,0,S2P120_SW8_Q0.0045
1780034851,14401536.0,0,0,0,0,S2P120_SW8_Q0.0045
1780034856,14913536.0,0,0,0,0,S2P120_SW8_Q0.0045
1780034861,14913536.0,0,0,0,0,S2P120_SW8_Q0.0045
1780034866,14913536.0,0,0,0,0,S2P120_SW8_Q0.0045
1780034871,14413824.0,0,0,0,0,S2P120_SW8_Q0.0045
1780034876,14413824.0,0,0,0,0,S2P120_SW8_Q0.0045
1780034881,14413824.0,0,0,0,0,S2P120_SW8_Q0.0045
1780034886,14413824.0,0,0,0,0,S2P120_SW8_Q0.0045
1780034891,14348288.0,0,0,0,0,S2P120_SW8_Q0.0045
1780034896,14348288.0,0,0,0,0,S2P120_SW8_Q0.0045
1780034901,14495744.0,0,0,0,0,S2P120_SW8_Q0.0045
1780034906,14495744.0,0,0,0,0,S2P120_SW8_Q0.0045
1780034911,14503936.0,0,0,0,0,S2P120_SW8_Q0.0045
1780034916,14503936.0,0,0,0,0,S2P120_SW8_Q0.0045
1780034921,14503936.0,0,0,0,0,S2P120_SW8_Q0.0045
1780034926,14503936.0,0,0,0,0,S2P120_SW8_Q0.0045
1780034931,14548992.0,0,0,0,0,S2P120_SW8_Q0.0045
1780034936,14548992.0,0,0,0,0,S2P120_SW8_Q0.0045
1780034941,14548992.0,0,0,0,0,S2P120_SW8_Q0.0045
1780034946,14487552.0,0,0,0,0,S2P120_SW8_Q0.0045
1780034951,14487552.0,0,0,0,0,S2P120_SW8_Q0.0045
1780034956,15085568.0,0,1,1,0,S2P120_SW8_Q0.0045
1780034961,15085568.0,0,0,0,0,S2P120_SW8_Q0.0045
1780034966,14508032.0,0,0,0,0,S2P120_SW8_Q0.0045
1780034971,14508032.0,0,0,0,0,S2P120_SW8_Q0.0045
1780034976,14508032.0,0,0,0,0,S2P120_SW8_Q0.0045
1780034981,14508032.0,0,0,0,0,S2P120_SW8_Q0.0045
1780034986,14831616.0,0,0,0,0,S2P120_SW8_Q0.0045
1780034991,14831616.0,0,0,0,0,S2P120_SW8_Q0.0045
1780034996,14831616.0,0,0,0,0,S2P120_SW8_Q0.0045
1780035001,15056896.0,0,0,0,0,S2P120_SW8_Q0.0045
1780035006,15056896.0,0,0,0,0,S2P120_SW8_Q0.0045
1780035011,15056896.0,0,0,0,0,S2P120_SW8_Q0.0045
1780035016,14110720.0,0,1,1,0,S2P120_SW8_Q0.0045
1780035021,14110720.0,0,0,0,0,S2P120_SW8_Q0.0045
1780035026,14110720.0,0,0,0,0,S2P120_SW8_Q0.0045
1780035031,14110720.0,0,0,0,0,S2P120_SW8_Q0.0045
1780035036,14581760.0,0,0,0,0,S2P120_SW8_Q0.0045
1780035041,14581760.0,0,0,0,0,S2P120_SW8_Q0.0045
1780035046,14581760.0,0,0,0,0,S2P120_SW8_Q0.0045
1780035051,15179776.0,0,0,0,0,S2P120_SW8_Q0.0045
1780035056,15179776.0,0,0,0,0,S2P120_SW8_Q0.0045
1780035061,15179776.0,0,0,0,0,S2P120_SW8_Q0.0045
1780035066,15179776.0,0,0,0,0,S2P120_SW8_Q0.0045
1780035071,14557184.0,0,0,0,0,S2P120_SW8_Q0.0045
1780035076,14557184.0,0,0,0,0,S2P120_SW8_Q0.0045
1780035081,14557184.0,0,0,0,0,S2P120_SW8_Q0.0045
1780035086,14557184.0,0,0,0,0,S2P120_SW8_Q0.0045
1780035091,14467072.0,0,0,0,0,S2P120_SW8_Q0.0045
1780035096,14467072.0,0,0,0,0,S2P120_SW8_Q0.0045
1780035101,14467072.0,0,0,0,0,S2P120_SW8_Q0.0045
1780035106,14700544.0,0,0,0,0,S2P120_SW8_Q0.0045
1780035111,14700544.0,0,0,0,0,S2P120_SW8_Q0.0045
1780035116,14700544.0,0,0,0,0,S2P120_SW8_Q0.0045
1780035121,14839808.0,0,0,0,0,S2P120_SW8_Q0.0045
1780035126,14839808.0,0,0,0,0,S2P120_SW8_Q0.0045
1780035131,14274560.0,0,0,0,0,S2P120_SW8_Q0.0045
1780035136,14274560.0,0,0,0,0,S2P120_SW8_Q0.0045
1780035141,14340096.0,0,0,0,0,S2P120_SW8_Q0.0045
1780035146,14340096.0,0,0,0,0,S2P120_SW8_Q0.0045
1780035151,14340096.0,0,0,0,0,S2P120_SW8_Q0.0045
1780035156,14934016.0,0,0,0,0,S2P120_SW8_Q0.0045
1780035161,14934016.0,0,0,0,0,S2P120_SW8_Q0.0045
1780035166,14934016.0,0,0,0,0,S2P120_SW8_Q0.0045
1780035171,14733312.0,0,0,0,0,S2P120_SW8_Q0.0045
1780035176,14733312.0,0,0,0,0,S2P120_SW8_Q0.0045
1780035181,14733312.0,0,0,0,0,S2P120_SW8_Q0.0045
1780035186,14618624.0,0,0,0,0,S2P120_SW8_Q0.0045
1780035191,14618624.0,0,0,0,0,S2P120_SW8_Q0.0045
1780035196,14618624.0,0,0,0,0,S2P120_SW8_Q0.0045
1780035201,14467072.0,0,0,0,0,S2P120_SW8_Q0.0045
1780035206,14467072.0,0,0,0,0,S2P120_SW8_Q0.0045
1780035211,14467072.0,0,0,0,0,S2P120_SW8_Q0.0045
1780035216,14467072.0,0,0,0,0,S2P120_SW8_Q0.0045
1780035221,14639104.0,0,0,0,0,S2P120_SW8_Q0.0045
1780035226,14639104.0,0,0,0,0,S2P120_SW8_Q0.0045
1780035231,14639104.0,0,0,0,0,S2P120_SW8_Q0.0045
1780035236,14979072.0,0,0,0,0,S2P120_SW8_Q0.0045
1780035241,14979072.0,0,0,0,0,S2P120_SW8_Q0.0045
1780035246,14979072.0,0,0,0,0,S2P120_SW8_Q0.0045
1780035251,14458880.0,0,0,0,0,S2P120_SW8_Q0.0045
1780035256,14458880.0,0,0,0,0,S2P120_SW8_Q0.0045
1780035261,14458880.0,0,0,0,0,S2P120_SW8_Q0.0045
1780035266,14458880.0,0,0,0,0,S2P120_SW8_Q0.0045
1780035271,14438400.0,0,0,0,0,S2P120_SW8_Q0.0045
1780035276,14438400.0,0,0,0,0,S2P120_SW8_Q0.0045
1780035281,14520320.0,0,0,0,0,S2P120_SW8_Q0.0045
1780035286,14520320.0,0,0,0,0,S2P120_SW8_Q0.0045
1780035291,14520320.0,0,0,0,0,S2P120_SW8_Q0.0045
1780035296,14794752.0,0,0,0,0,S2P120_SW8_Q0.0045
1780035301,14794752.0,0,0,0,0,S2P120_SW8_Q0.0045
1780035306,14794752.0,0,0,0,0,S2P120_SW8_Q0.0045
1780035311,14749696.0,0,0,0,0,S2P120_SW8_Q0.0045
1780035316,14749696.0,0,0,0,0,S2P120_SW8_Q0.0045
1780035321,14749696.0,0,0,0,0,S2P120_SW8_Q0.0045
1780035326,14651392.0,0,0,0,0,S2P120_SW8_Q0.0045
1780035331,14651392.0,0,0,0,0,S2P120_SW8_Q0.0045
1780035336,14651392.0,0,0,0,0,S2P120_SW8_Q0.0045
1780035341,15233024.0,0,0,0,0,S2P120_SW8_Q0.0045
1780035346,15233024.0,0,0,0,0,S2P120_SW8_Q0.0045
1780035351,15233024.0,0,0,0,0,S2P120_SW8_Q0.0045
1780035356,15233024.0,0,0,0,0,S2P120_SW8_Q0.0045
1780035361,14753792.0,0,0,0,0,S2P120_SW8_Q0.0045
1780035366,14753792.0,0,0,0,0,S2P120_SW8_Q0.0045
1780035371,14753792.0,0,0,0,0,S2P120_SW8_Q0.0045
1780035376,14655488.0,0,0,0,0,S2P120_SW8_Q0.0045
1780035381,14655488.0,0,0,0,0,S2P120_SW8_Q0.0045
1780035386,14655488.0,0,0,0,0,S2P120_SW8_Q0.0045
1780035391,14655488.0,0,0,0,0,S2P120_SW8_Q0.0045
1780035396,14573568.0,0,0,0,0,S2P120_SW8_Q0.0045
1780035401,14573568.0,0,0,0,0,S2P120_SW8_Q0.0045
1780035406,14573568.0,0,0,0,0,S2P120_SW8_Q0.0045
1780035411,14573568.0,0,0,0,0,S2P120_SW8_Q0.0045
1780035416,14700544.0,0,0,0,0,S2P120_SW8_Q0.0045
1780035421,14700544.0,0,0,0,0,S2P120_SW8_Q0.0045
1780035426,14700544.0,0,0,0,0,S2P120_SW8_Q0.0045
1780035431,14962688.0,0,0,0,0,S2P120_SW8_Q0.0045
1780035436,14962688.0,0,0,0,0,S2P120_SW8_Q0.0045
1780035441,14962688.0,0,0,0,0,S2P120_SW8_Q0.0045
1780035446,14692352.0,0,0,0,0,S2P120_SW8_Q0.0045
1780035451,14692352.0,0,0,0,0,S2P120_SW8_Q0.0045
1780035456,14692352.0,0,0,0,0,S2P120_SW8_Q0.0045
1780035461,14692352.0,0,0,0,0,S2P120_SW8_Q0.0045
1780035466,14815232.0,0,0,0,0,S2P120_SW8_Q0.0045
1780035471,14815232.0,0,0,0,0,S2P120_SW8_Q0.0045
1780035476,14815232.0,0,0,0,0,S2P120_SW8_Q0.0045
1780035481,14753792.0,0,0,0,0,S2P120_SW8_Q0.0045
1780035486,14753792.0,0,0,0,0,S2P120_SW8_Q0.0045
1780035491,14753792.0,0,0,0,0,S2P120_SW8_Q0.0045
1780035496,14790656.0,0,0,0,0,S2P120_SW8_Q0.0045
1780035501,14790656.0,0,0,0,0,S2P120_SW8_Q0.0045
1780035506,15368192.0,0,0,0,0,S2P120_SW8_Q0.0045
1780035511,15368192.0,0,0,0,0,S2P120_SW8_Q0.0045
1780035516,15368192.0,0,0,0,0,S2P120_SW8_Q0.0045
1780035521,14655488.0,0,0,0,0,S2P120_SW8_Q0.0045
1780035526,14655488.0,0,0,0,0,S2P120_SW8_Q0.0045
1780035531,14655488.0,0,0,0,0,S2P120_SW8_Q0.0045
1780035536,15077376.0,0,0,0,0,S2P120_SW8_Q0.0045
1780035541,15077376.0,0,0,0,0,S2P120_SW8_Q0.0045
1780035546,15147008.0,0,0,0,0,S2P120_SW8_Q0.0045
1780035551,15147008.0,0,0,0,0,S2P120_SW8_Q0.0045
1780035556,15147008.0,0,0,0,0,S2P120_SW8_Q0.0045
1780035561,15147008.0,0,0,0,0,S2P120_SW8_Q0.0045
1780035566,15372288.0,0,0,0,0,S2P120_SW8_Q0.0045
1780035571,15372288.0,0,0,0,0,S2P120_SW8_Q0.0045
1780035576,14880768.0,0,0,0,0,S2P120_SW8_Q0.0045
1780035581,14880768.0,0,0,0,0,S2P120_SW8_Q0.0045
1780035586,14880768.0,0,0,0,0,S2P120_SW8_Q0.0045
1780035591,14880768.0,0,0,0,0,S2P120_SW8_Q0.0045
1780035596,15081472.0,0,0,0,0,S2P120_SW8_Q0.0045
1780035601,15081472.0,0,0,0,0,S2P120_SW8_Q0.0045
1780035606,15081472.0,0,0,0,0,S2P120_SW8_Q0.0045
1780035611,15081472.0,0,0,0,0,S2P120_SW8_Q0.0045
1780035616,14831616.0,0,0,0,0,S2P120_SW8_Q0.0045
1780035621,14831616.0,0,0,0,0,S2P120_SW8_Q0.0045
1780035626,14794752.0,0,0,0,0,S2P120_SW8_Q0.0045
1780035631,14794752.0,0,0,0,0,S2P120_SW8_Q0.0045
1780035636,14794752.0,0,0,0,0,S2P120_SW8_Q0.0045
1780035641,14794752.0,0,0,0,0,S2P120_SW8_Q0.0045
1780035646,14786560.0,0,0,0,0,S2P120_SW8_Q0.0045
1780035651,14786560.0,0,0,0,0,S2P120_SW8_Q0.0045
1780035656,14786560.0,0,0,0,0,S2P120_SW8_Q0.0045
1780035661,14786560.0,0,0,0,0,S2P120_SW8_Q0.0045
1780035666,14979072.0,0,0,0,0,S2P120_SW8_Q0.0045
1780035671,14979072.0,0,0,0,0,S2P120_SW8_Q0.0045
1780035676,14979072.0,0,0,0,0,S2P120_SW8_Q0.0045
1780035681,15085568.0,0,0,0,0,S2P120_SW8_Q0.0045
1780035686,15085568.0,0,0,0,0,S2P120_SW8_Q0.0045
1780035691,15085568.0,0,0,0,0,S2P120_SW8_Q0.0045
1780035696,14761984.0,0,0,0,0,S2P120_SW8_Q0.0045
1780035701,14761984.0,0,0,0,0,S2P120_SW8_Q0.0045
1780035706,14761984.0,0,0,0,0,S2P120_SW8_Q0.0045
1780035711,14987264.0,0,0,0,0,S2P120_SW8_Q0.0045
1780035716,14987264.0,0,0,0,0,S2P120_SW8_Q0.0045
1780035721,14987264.0,0,0,0,0,S2P120_SW8_Q0.0045
1780035726,14987264.0,0,0,0,0,S2P120_SW8_Q0.0045
1780035731,14868480.0,0,0,0,0,S2P120_SW8_Q0.0045
1780035736,14868480.0,0,0,0,0,S2P120_SW8_Q0.0045
1780035741,14868480.0,0,0,0,0,S2P120_SW8_Q0.0045
1780035746,14868480.0,0,0,0,0,S2P120_SW8_Q0.0045
1780035751,15179776.0,0,0,0,0,S2P120_SW8_Q0.0045
1780035756,15179776.0,0,0,0,0,S2P120_SW8_Q0.0045
1780035761,14860288.0,0,0,0,0,S2P120_SW8_Q0.0045
1780035766,14860288.0,0,0,0,0,S2P120_SW8_Q0.0045
1780035771,14860288.0,0,0,0,0,S2P120_SW8_Q0.0045
1780035776,15687680.0,0,0,0,0,S2P120_SW8_Q0.0045
1780035781,15687680.0,0,0,0,0,S2P120_SW8_Q0.0045
1780035786,15687680.0,0,0,0,0,S2P120_SW8_Q0.0045
1780035791,15249408.0,0,0,0,0,S2P120_SW8_Q0.0045
1780035796,15249408.0,0,0,0,0,S2P120_SW8_Q0.0045
1780035801,15400960.0,0,0,0,0,S2P120_SW8_Q0.0045
1780035806,15400960.0,0,0,0,0,S2P120_SW8_Q0.0045
1780035811,15400960.0,0,0,0,0,S2P120_SW8_Q0.0045
1780035816,15400960.0,0,0,0,0,S2P120_SW8_Q0.0045
1780035821,14999552.0,0,0,0,0,S2P120_SW8_Q0.0045
1780035826,14999552.0,0,0,0,0,S2P120_SW8_Q0.0045
1780035831,14999552.0,0,0,0,0,S2P120_SW8_Q0.0045
1780035836,15577088.0,0,0,0,0,S2P120_SW8_Q0.0045
1780035841,15577088.0,0,0,0,0,S2P120_SW8_Q0.0045
1780035846,15577088.0,0,0,0,0,S2P120_SW8_Q0.0045
1780035851,15020032.0,0,0,0,0,S2P120_SW8_Q0.0045
1780035856,15020032.0,0,0,0,0,S2P120_SW8_Q0.0045
1780035861,15020032.0,0,0,0,0,S2P120_SW8_Q0.0045
1780035866,15020032.0,0,0,0,0,S2P120_SW8_Q0.0045
1780035871,15384576.0,0,0,0,0,S2P120_SW8_Q0.0045
1780035876,15384576.0,0,0,0,0,S2P120_SW8_Q0.0045
1780035881,15384576.0,0,0,0,0,S2P120_SW8_Q0.0045
1780035886,15384576.0,0,0,0,0,S2P120_SW8_Q0.0045
1780035891,15020032.0,0,0,0,0,S2P120_SW8_Q0.0045
1780035896,15020032.0,0,0,0,0,S2P120_SW8_Q0.0045
1780035901,15020032.0,0,0,0,0,S2P120_SW8_Q0.0045
1780035906,15368192.0,0,0,0,0,S2P120_SW8_Q0.0045
1780035911,15368192.0,0,0,0,0,S2P120_SW8_Q0.0045
1780035916,15368192.0,0,0,0,0,S2P120_SW8_Q0.0045
1780035921,15368192.0,0,0,0,0,S2P120_SW8_Q0.0045
1780035926,15343616.0,0,0,0,0,S2P120_SW8_Q0.0045
1780035931,15343616.0,0,0,0,0,S2P120_SW8_Q0.0045
1780035936,15343616.0,0,0,0,0,S2P120_SW8_Q0.0045
1780035941,15183872.0,0,0,0,0,S2P120_SW8_Q0.0045
1780035946,15183872.0,0,0,0,0,S2P120_SW8_Q0.0045
1780035951,15020032.0,0,0,0,0,S2P120_SW8_Q0.0045
1780035956,15020032.0,0,0,0,0,S2P120_SW8_Q0.0045
1780035961,15020032.0,0,0,0,0,S2P120_SW8_Q0.0045
1780035966,15478784.0,0,0,0,0,S2P120_SW8_Q0.0045
1780035971,15478784.0,0,0,0,0,S2P120_SW8_Q0.0045
1780035976,15478784.0,0,0,0,0,S2P120_SW8_Q0.0045
1780035981,14897152.0,0,0,0,0,S2P120_SW8_Q0.0045
1780035986,14897152.0,0,0,0,0,S2P120_SW8_Q0.0045
1780035991,15147008.0,0,0,0,0,S2P120_SW8_Q0.0045
1780035996,15147008.0,0,0,0,0,S2P120_SW8_Q0.0045
1780036001,15265792.0,0,0,0,0,S2P120_SW8_Q0.0045
1780036006,15265792.0,0,0,0,0,S2P120_SW8_Q0.0045
1780036011,15265792.0,0,0,0,0,S2P120_SW8_Q0.0045
1780036016,15335424.0,0,0,0,0,S2P120_SW8_Q0.0045
1780036021,15335424.0,0,0,0,0,S2P120_SW8_Q0.0045
1780036026,15335424.0,0,0,0,0,S2P120_SW8_Q0.0045
1780036031,15335424.0,0,0,0,0,S2P120_SW8_Q0.0045
1780036036,15323136.0,0,0,0,0,S2P120_SW8_Q0.0045
1780036041,15323136.0,0,0,0,0,S2P120_SW8_Q0.0045
1780036046,14831616.0,0,0,0,0,S2P120_SW8_Q0.0045
1780036051,14831616.0,0,0,0,0,S2P120_SW8_Q0.0045
1780036056,14831616.0,0,0,0,0,S2P120_SW8_Q0.0045
1780036061,14958592.0,0,0,0,0,S2P120_SW8_Q0.0045
1780036066,14958592.0,0,0,0,0,S2P120_SW8_Q0.0045
1780036071,14958592.0,0,0,0,0,S2P120_SW8_Q0.0045
1780036076,14958592.0,0,0,0,0,S2P120_SW8_Q0.0045
1780036081,15261696.0,0,0,0,0,S2P120_SW8_Q0.0045
1780036086,15261696.0,0,0,0,0,S2P120_SW8_Q0.0045
1780036091,14827520.0,0,0,0,0,S2P120_SW8_Q0.0045
1780036096,14827520.0,0,0,0,0,S2P120_SW8_Q0.0045
1780036101,14827520.0,0,0,0,0,S2P120_SW8_Q0.0045
1780036106,14544896.0,0,0,0,0,S2P120_SW8_Q0.0045
1780036111,14544896.0,0,0,0,0,S2P120_SW8_Q0.0045
1780036116,14544896.0,0,0,0,0,S2P120_SW8_Q0.0045
1780036121,15069184.0,0,0,0,0,S2P120_SW8_Q0.0045
1780036126,15069184.0,0,0,0,0,S2P120_SW8_Q0.0045
1780036131,15069184.0,0,0,0,0,S2P120_SW8_Q0.0045
1780036136,15069184.0,0,0,0,0,S2P120_SW8_Q0.0045
1780036141,15380480.0,0,0,0,0,S2P120_SW8_Q0.0045
1780036146,15380480.0,0,0,0,0,S2P120_SW8_Q0.0045
1780036151,15380480.0,0,0,0,0,S2P120_SW8_Q0.0045
1780036156,15380480.0,0,0,0,0,S2P120_SW8_Q0.0045
1780036161,15003648.0,0,0,0,0,S2P120_SW8_Q0.0045
1780036166,15003648.0,0,0,0,0,S2P120_SW8_Q0.0045
1780036171,15003648.0,0,0,0,0,S2P120_SW8_Q0.0045
1780036176,15380480.0,0,0,0,0,S2P120_SW8_Q0.0045
1780036181,15380480.0,0,0,0,0,S2P120_SW8_Q0.0045
1780036186,15380480.0,0,0,0,0,S2P120_SW8_Q0.0045
1780036191,14675968.0,0,0,0,0,S2P120_SW8_Q0.0045
1780036196,14675968.0,0,0,0,0,S2P120_SW8_Q0.0045
1780036201,14675968.0,0,0,0,0,S2P120_SW8_Q0.0045
1780036206,15093760.0,0,0,0,0,S2P120_SW8_Q0.0045
1780036211,15093760.0,0,0,0,0,S2P120_SW8_Q0.0045
1780036216,15093760.0,0,0,0,0,S2P120_SW8_Q0.0045
1780036221,14901248.0,0,0,0,0,S2P120_SW8_Q0.0045
1780036226,14901248.0,0,0,0,0,S2P120_SW8_Q0.0045
1780036231,14901248.0,0,0,0,0,S2P120_SW8_Q0.0045
1780036236,14901248.0,0,0,0,0,S2P120_SW8_Q0.0045
1780036241,14942208.0,0,0,0,0,S2P120_SW8_Q0.0045
1780036246,14942208.0,0,0,0,0,S2P120_SW8_Q0.0045
1780036251,15114240.0,0,0,0,0,S2P120_SW8_Q0.0045
1780036256,15114240.0,0,0,0,0,S2P120_SW8_Q0.0045
1780036261,14770176.0,0,0,0,0,S2P120_SW8_Q0.0045
1780036266,14770176.0,0,0,0,0,S2P120_SW8_Q0.0045
1780036271,14770176.0,0,0,0,0,S2P120_SW8_Q0.0045
1780036276,14770176.0,0,0,0,0,S2P120_SW8_Q0.0045
1780036281,14721024.0,0,0,0,0,S2P120_SW8_Q0.0045
1780036286,14721024.0,0,0,0,0,S2P120_SW8_Q0.0045
1780036291,14721024.0,0,0,0,0,S2P120_SW8_Q0.0045
1780036296,14958592.0,0,0,0,0,S2P120_SW8_Q0.0045
1780036301,14958592.0,0,0,0,0,S2P120_SW8_Q0.0045
1780036306,14958592.0,0,0,0,0,S2P120_SW8_Q0.0045
1780036311,14958592.0,0,0,0,0,S2P120_SW8_Q0.0045
1780036316,14712832.0,0,0,0,0,S2P120_SW8_Q0.0045
1780036321,14712832.0,0,0,0,0,S2P120_SW8_Q0.0045
1780036326,14712832.0,0,0,0,0,S2P120_SW8_Q0.0045
1780036331,14712832.0,0,0,0,0,S2P120_SW8_Q0.0045
1780036336,14524416.0,0,0,0,0,S2P120_SW8_Q0.0045
1780036341,14524416.0,0,0,0,0,S2P120_SW8_Q0.0045
1780036346,14524416.0,0,0,0,0,S2P120_SW8_Q0.0045
1780036351,14548992.0,0,0,0,0,S2P120_SW8_Q0.0045
1780036356,14548992.0,0,0,0,0,S2P120_SW8_Q0.0045
1780036361,14909440.0,0,0,0,0,S2P120_SW8_Q0.0045
1780036366,14909440.0,0,0,0,0,S2P120_SW8_Q0.0045
1780036371,14909440.0,0,0,0,0,S2P120_SW8_Q0.0045
1780036376,14909440.0,0,0,0,0,S2P120_SW8_Q0.0045
1780036381,14888960.0,0,0,0,0,S2P120_SW8_Q0.0045
1780036386,14888960.0,0,0,0,0,S2P120_SW8_Q0.0045
1780036391,14761984.0,0,0,0,0,S2P120_SW8_Q0.0045
1780036396,14761984.0,0,0,0,0,S2P120_SW8_Q0.0045
1780036401,14761984.0,0,0,0,0,S2P120_SW8_Q0.0045
1780036406,15106048.0,0,0,0,0,S2P120_SW8_Q0.0045
1780036411,15106048.0,0,0,0,0,S2P120_SW8_Q0.0045
1780036416,15106048.0,0,0,0,0,S2P120_SW8_Q0.0045
1780036421,14573568.0,0,0,0,0,S2P120_SW8_Q0.0045
1780036426,14573568.0,0,0,0,0,S2P120_SW8_Q0.0045
1780036431,14573568.0,0,0,0,0,S2P120_SW8_Q0.0045
1780036436,14573568.0,0,0,0,0,S2P120_SW8_Q0.0045
1780036441,14663680.0,0,0,0,0,S2P120_SW8_Q0.0045
1780036446,14663680.0,0,0,0,0,S2P120_SW8_Q0.0045
1780036451,14757888.0,0,0,0,0,S2P120_SW8_Q0.0045
1780036456,14757888.0,0,0,0,0,S2P120_SW8_Q0.0045
1780036461,14757888.0,0,0,0,0,S2P120_SW8_Q0.0045
1780036466,14761984.0,0,0,0,0,S2P120_SW8_Q0.0045
1780036471,14761984.0,0,0,0,0,S2P120_SW8_Q0.0045
1780036476,14761984.0,0,0,0,0,S2P120_SW8_Q0.0045
1780036481,15294464.0,0,1,1,0,S2P120_SW8_Q0.0045
1780036486,15294464.0,0,0,0,0,S2P120_SW8_Q0.0045
1780036491,15294464.0,0,0,0,0,S2P120_SW8_Q0.0045
1780036496,15294464.0,0,0,0,0,S2P120_SW8_Q0.0045
1780036501,14774272.0,0,0,0,0,S2P120_SW8_Q0.0045
1780036506,14774272.0,0,0,0,0,S2P120_SW8_Q0.0045
1780036511,14774272.0,0,0,0,0,S2P120_SW8_Q0.0045
1780036516,14954496.0,0,0,0,0,S2P120_SW8_Q0.0045
1780036521,14954496.0,0,0,0,0,S2P120_SW8_Q0.0045
1780036526,14856192.0,0,0,0,0,S2P120_SW8_Q0.0045
1780036531,14856192.0,0,0,0,0,S2P120_SW8_Q0.0045
1780036536,14856192.0,0,0,0,0,S2P120_SW8_Q0.0045
1780036541,14856192.0,0,0,0,0,S2P120_SW8_Q0.0045
1780036546,14974976.0,0,0,0,0,S2P120_SW8_Q0.0045
1780036551,14974976.0,0,0,0,0,S2P120_SW8_Q0.0045
1780036556,14974976.0,0,0,0,0,S2P120_SW8_Q0.0045
1780036561,14811136.0,0,0,0,0,S2P120_SW8_Q0.0045
1780036566,14811136.0,0,0,0,0,S2P120_SW8_Q0.0045
1780036571,14811136.0,0,0,0,0,S2P120_SW8_Q0.0045
1780036576,14811136.0,0,0,0,0,S2P120_SW8_Q0.0045
1780036581,15130624.0,0,0,0,0,S2P120_SW8_Q0.0045
1780036586,15130624.0,0,0,0,0,S2P120_SW8_Q0.0045
1780036591,15130624.0,0,0,0,0,S2P120_SW8_Q0.0045
1780036596,15130624.0,0,0,0,0,S2P120_SW8_Q0.0045
1780036601,15183872.0,0,0,0,0,S2P120_SW8_Q0.0045
1780036606,15183872.0,0,0,0,0,S2P120_SW8_Q0.0045
1780036611,15183872.0,0,0,0,0,S2P120_SW8_Q0.0045
1780036616,14880768.0,0,0,0,0,S2P120_SW8_Q0.0045
1780036621,14880768.0,0,0,0,0,S2P120_SW8_Q0.0045
1780036626,14884864.0,0,0,0,0,S2P120_SW8_Q0.0045
1780036631,14884864.0,0,0,0,0,S2P120_SW8_Q0.0045
1780036636,14884864.0,0,0,0,0,S2P120_SW8_Q0.0045
1780036641,14884864.0,0,0,0,0,S2P120_SW8_Q0.0045
1780036646,14938112.0,0,0,0,0,S2P120_SW8_Q0.0045
1780036651,14938112.0,0,0,0,0,S2P120_SW8_Q0.0045
1780036656,14639104.0,0,0,0,0,S2P120_SW8_Q0.0045
1780036661,14639104.0,0,0,0,0,S2P120_SW8_Q0.0045
1780036666,14708736.0,0,0,0,0,S2P120_SW8_Q0.0045
1780036671,14708736.0,0,0,0,0,S2P120_SW8_Q0.0045
1780036676,14708736.0,0,0,0,0,S2P120_SW8_Q0.0045
1780036681,14708736.0,0,0,0,0,S2P120_SW8_Q0.0045
1780036686,15003648.0,0,0,0,0,S2P120_SW8_Q0.0045
1780036691,15003648.0,0,0,0,0,S2P120_SW8_Q0.0045
1780036696,15003648.0,0,0,0,0,S2P120_SW8_Q0.0045
1780036701,14622720.0,0,0,0,0,S2P120_SW8_Q0.0045
1780036706,14622720.0,0,0,0,0,S2P120_SW8_Q0.0045
1780036711,14622720.0,0,0,0,0,S2P120_SW8_Q0.0045
1780036716,14884864.0,0,0,0,0,S2P120_SW8_Q0.0045
1780036721,14884864.0,0,0,0,0,S2P120_SW8_Q0.0045
1780036726,14884864.0,0,0,0,0,S2P120_SW8_Q0.0045
1780036731,14770176.0,0,0,0,0,S2P120_SW8_Q0.0045
1780036736,14770176.0,0,0,0,0,S2P120_SW8_Q0.0045
1780036741,14770176.0,0,0,0,0,S2P120_SW8_Q0.0045
1780036746,14770176.0,0,0,0,0,S2P120_SW8_Q0.0045
1780036751,14770176.0,0,0,0,0,S2P120_SW8_Q0.0045
1780036756,14884864.0,0,0,0,0,S2P120_SW8_Q0.0045
1780036761,14884864.0,0,0,0,0,S2P120_SW8_Q0.0045
1780036766,14884864.0,0,0,0,0,S2P120_SW8_Q0.0045
1780036771,14757888.0,0,0,0,0,S2P120_SW8_Q0.0045
1780036776,14757888.0,0,0,0,0,S2P120_SW8_Q0.0045
1780036781,14884864.0,0,0,0,0,S2P120_SW8_Q0.0045
1780036786,14884864.0,0,0,0,0,S2P120_SW8_Q0.0045
1780036791,14884864.0,0,0,0,0,S2P120_SW8_Q0.0045
1780036796,14884864.0,0,0,0,0,S2P120_SW8_Q0.0045
1780036801,14606336.0,0,0,0,0,S2P120_SW8_Q0.0045
1780036806,14606336.0,0,0,0,0,S2P120_SW8_Q0.0045
1780036811,14901248.0,0,0,0,0,S2P120_SW8_Q0.0045
1780036816,14901248.0,0,0,0,0,S2P120_SW8_Q0.0045
1780036821,14901248.0,0,0,0,0,S2P120_SW8_Q0.0045
1780036826,15310848.0,0,0,0,0,S2P120_SW8_Q0.0045
1780036831,15310848.0,0,0,0,0,S2P120_SW8_Q0.0045
1780036836,14749696.0,0,0,0,0,S2P120_SW8_Q0.0045
1780036841,14749696.0,0,0,0,0,S2P120_SW8_Q0.0045
1780036846,14749696.0,0,0,0,0,S2P120_SW8_Q0.0045
1780036851,15044608.0,0,0,0,0,S2P120_SW8_Q0.0045
1780036856,15044608.0,0,0,0,0,S2P120_SW8_Q0.0045
1780036861,14958592.0,0,0,0,0,S2P120_SW8_Q0.0045
1780036866,14958592.0,0,0,0,0,S2P120_SW8_Q0.0045
1780036871,14958592.0,0,0,0,0,S2P120_SW8_Q0.0045
1780036876,14766080.0,0,0,0,0,S2P120_SW8_Q0.0045
1780036881,14766080.0,0,0,0,0,S2P120_SW8_Q0.0045
1780036886,14766080.0,0,0,0,0,S2P120_SW8_Q0.0045
1780036891,15470592.0,0,0,0,0,S2P120_SW8_Q0.0045
1780036896,15470592.0,0,0,0,0,S2P120_SW8_Q0.0045
1780036901,14753792.0,0,0,0,0,S2P120_SW8_Q0.0045
1780036906,14753792.0,0,0,0,0,S2P120_SW8_Q0.0045
1780036911,14753792.0,0,0,0,0,S2P120_SW8_Q0.0045
1780036916,14598144.0,0,0,0,0,S2P120_SW8_Q0.0045
1780036921,14598144.0,0,0,0,0,S2P120_SW8_Q0.0045
1780036926,14598144.0,0,0,0,0,S2P120_SW8_Q0.0045
1780036931,15966208.0,0,1,1,0,S2P120_SW8_Q0.0045
1780036936,15966208.0,0,0,0,0,S2P120_SW8_Q0.0045
1780036941,15966208.0,0,0,0,0,S2P120_SW8_Q0.0045
1780036946,15966208.0,0,0,0,0,S2P120_SW8_Q0.0045
1780036951,14659584.0,0,0,0,0,S2P120_SW8_Q0.0045
1780036956,14659584.0,0,0,0,0,S2P120_SW8_Q0.0045
1780036961,15052800.0,0,0,0,0,S2P120_SW8_Q0.0045
1780036966,15052800.0,0,0,0,0,S2P120_SW8_Q0.0045
1780036971,14626816.0,0,0,0,0,S2P120_SW8_Q0.0045
1780036976,14626816.0,0,0,0,0,S2P120_SW8_Q0.0045
1780036981,14626816.0,0,0,0,0,S2P120_SW8_Q0.0045
1780036986,14626816.0,0,0,0,0,S2P120_SW8_Q0.0045
1780036991,14815232.0,0,0,0,0,S2P120_SW8_Q0.0045
1780036996,14815232.0,0,0,0,0,S2P120_SW8_Q0.0045
1780037001,14815232.0,0,0,0,0,S2P120_SW8_Q0.0045
1780037006,14819328.0,0,0,0,0,S2P120_SW8_Q0.0045
1780037011,14819328.0,0,0,0,0,S2P120_SW8_Q0.0045
1780037016,14798848.0,0,0,0,0,S2P120_SW8_Q0.0045
1780037021,14798848.0,0,0,0,0,S2P120_SW8_Q0.0045
1780037026,14798848.0,0,0,0,0,S2P120_SW8_Q0.0045
1780037031,14798848.0,0,0,0,0,S2P120_SW8_Q0.0045
1780037036,14884864.0,0,0,0,0,S2P120_SW8_Q0.0045
1780037041,14884864.0,0,0,0,0,S2P120_SW8_Q0.0045
1780037046,14884864.0,0,0,0,0,S2P120_SW8_Q0.0045
1780037051,15585280.0,0,1,1,0,S2P120_SW8_Q0.0045
1780037056,15585280.0,0,0,0,0,S2P120_SW8_Q0.0045
1780037061,15585280.0,0,0,0,0,S2P120_SW8_Q0.0045
1780037066,15134720.0,0,0,0,0,S2P120_SW8_Q0.0045
1780037071,15134720.0,0,0,0,0,S2P120_SW8_Q0.0045
1780037076,15134720.0,0,0,0,0,S2P120_SW8_Q0.0045
1780037081,14770176.0,0,0,0,0,S2P120_SW8_Q0.0045
1780037086,14770176.0,0,0,0,0,S2P120_SW8_Q0.0045
1780037091,15425536.0,0,0,0,0,S2P120_SW8_Q0.0045
1780037096,15425536.0,0,0,0,0,S2P120_SW8_Q0.0045
1780037101,15425536.0,0,0,0,0,S2P120_SW8_Q0.0045
1780037106,15425536.0,0,0,0,0,S2P120_SW8_Q0.0045
1780037111,14745600.0,0,0,0,0,S2P120_SW8_Q0.0045
1780037116,14745600.0,0,0,0,0,S2P120_SW8_Q0.0045
1780037121,14745600.0,0,0,0,0,S2P120_SW8_Q0.0045
1780037126,14532608.0,0,0,0,0,S2P120_SW8_Q0.0045
1780037131,14532608.0,0,0,0,0,S2P120_SW8_Q0.0045
1780037136,14532608.0,0,0,0,0,S2P120_SW8_Q0.0045
1780037141,14864384.0,0,0,0,0,S2P120_SW8_Q0.0045
1780037146,14864384.0,0,0,0,0,S2P120_SW8_Q0.0045
1780037151,15372288.0,0,1,1,0,S2P120_SW8_Q0.0045
1780037156,15372288.0,0,0,0,0,S2P120_SW8_Q0.0045
1780037161,15372288.0,0,0,0,0,S2P120_SW8_Q0.0045
1780037166,15372288.0,0,0,0,0,S2P120_SW8_Q0.0045
1780037171,14843904.0,0,0,0,0,S2P120_SW8_Q0.0045
1780037176,14843904.0,0,0,0,0,S2P120_SW8_Q0.0045
1780037181,15687680.0,0,0,0,0,S2P120_SW8_Q0.0045
1780037186,15687680.0,0,0,0,0,S2P120_SW8_Q0.0045
1780037191,14942208.0,0,0,0,0,S2P120_SW8_Q0.0045
1780037196,14942208.0,0,0,0,0,S2P120_SW8_Q0.0045
1780037201,14942208.0,0,0,0,0,S2P120_SW8_Q0.0045
1780037206,15065088.0,0,0,0,0,S2P120_SW8_Q0.0045
1780037211,15065088.0,0,0,0,0,S2P120_SW8_Q0.0045
1780037216,15065088.0,0,0,0,0,S2P120_SW8_Q0.0045
1780037221,15736832.0,0,0,0,0,S2P120_SW8_Q0.0045
1780037226,15736832.0,0,0,0,0,S2P120_SW8_Q0.0045
1780037231,15736832.0,0,0,0,0,S2P120_SW8_Q0.0045
1780037236,14835712.0,0,0,0,0,S2P120_SW8_Q0.0045
1780037241,14835712.0,1,0,0,0,S2P120_SW8_Q0.0045
