timestamp,value
1780037241,0
1780037246,0
1780037251,0
1780037256,9412608
1780037261,9412608
1780037266,10563584
1780037271,10563584
1780037276,10563584
1780037281,11161600
1780037286,11161600
1780037291,11161600
1780037296,11763712
1780037301,11763712
1780037306,11763712
1780037311,11763712
1780037316,11960320
1780037321,11960320
1780037326,11882496
1780037331,11882496
1780037336,11882496
1780037341,12255232
1780037346,12255232
1780037351,12140544
1780037356,12140544
1780037361,12140544
1780037366,12861440
1780037371,12861440
1780037376,12861440
1780037381,13434880
1780037386,13434880
1780037391,13434880
1780037396,12595200
1780037401,12595200
1780037406,12595200
1780037411,13099008
1780037416,13099008
1780037421,13099008
1780037426,12869632
1780037431,12869632
1780037436,12869632
1780037441,12869632
1780037446,13070336
1780037451,13070336
1780037456,13070336
1780037461,12840960
1780037466,12840960
1780037471,12840960
1780037476,12943360
1780037481,12943360
1780037486,12943360
1780037491,13832192
1780037496,13832192
1780037501,13832192
1780037506,13832192
1780037511,13672448
1780037516,13672448
1780037521,13672448
1780037526,13131776
1780037531,13131776
1780037536,13131776
1780037536,13131776
1780037541,13393920
1780037546,13393920
1780037551,13393920
1780037556,13393920
1780037561,13496320
1780037566,13496320
1780037571,13496320
1780037576,13467648
1780037581,13467648
1780037586,13467648
1780037591,13467648
1780037596,13688832
1780037601,13688832
1780037606,13688832
1780037611,13193216
1780037616,13193216
1780037621,13193216
1780037626,13885440
1780037631,13885440
1780037636,13955072
1780037641,13955072
1780037646,13955072
1780037651,13955072
1780037656,13475840
1780037661,13475840
1780037666,13475840
1780037671,13475840
1780037676,13651968
1780037681,13651968
1780037686,13590528
1780037691,13590528
1780037696,13590528
1780037701,13836288
1780037706,13836288
1780037711,14004224
1780037716,14004224
1780037721,13438976
1780037726,13438976
1780037731,13438976
1780037736,13438976
1780037741,14139392
1780037746,14139392
1780037751,14139392
1780037756,13647872
1780037761,13647872
1780037766,13647872
1780037771,13586432
1780037776,13586432
1780037781,13586432
1780037786,13586432
1780037791,14114816
1780037796,14114816
1780037801,13791232
1780037806,13791232
1780037811,14610432
1780037816,14610432
1780037821,14610432
1780037826,13901824
1780037831,13901824
1780037836,13901824
1780037841,13901824
1780037846,14139392
1780037851,14139392
1780037856,14139392
1780037861,13598720
1780037866,13598720
1780037871,13598720
1780037876,13922304
1780037881,13922304
1780037886,13922304
1780037891,14163968
1780037896,14163968
1780037901,14163968
1780037906,14163968
1780037911,14983168
1780037916,14983168
1780037921,14499840
1780037926,14499840
1780037931,14266368
1780037936,14266368
1780037941,14266368
1780037946,14553088
1780037951,14553088
1780037956,14553088
1780037961,14553088
1780037966,14827520
1780037971,14827520
1780037976,13881344
1780037981,13881344
1780037986,13881344
1780037991,13885440
1780037996,13885440
1780038001,13885440
1780038006,13885440
1780038011,13963264
1780038016,13963264
1780038021,14376960
1780038026,14376960
1780038031,14376960
1780038036,14376960
1780038041,14483456
1780038046,14483456
1780038051,13611008
1780038056,13611008
1780038061,13611008
1780038066,13611008
1780038071,13799424
1780038076,13799424
1780038081,13799424
1780038086,14098432
1780038091,14098432
1780038096,14229504
1780038101,14229504
1780038106,14229504
1780038111,14229504
1780038116,13971456
1780038121,13971456
1780038126,13971456
1780038131,14401536
1780038136,14401536
1780038141,14401536
1780038146,14270464
1780038151,14270464
1780038156,14270464
1780038161,14602240
1780038166,14602240
1780038171,14315520
1780038176,14315520
1780038181,14315520
1780038186,14315520
1780038191,14139392
1780038196,14139392
1780038201,14139392
1780038206,14450688
1780038211,14450688
1780038216,14450688
1780038221,14450688
1780038226,14712832
1780038231,14712832
1780038236,14712832
1780038241,13922304
1780038246,13922304
1780038251,14589952
1780038256,14589952
1780038261,14589952
1780038266,14372864
1780038271,14372864
1780038276,14094336
1780038281,14094336
1780038286,14094336
1780038291,14094336
1780038296,14131200
1780038301,14131200
1780038306,14131200
1780038311,15503360
1780038316,15503360
1780038321,15503360
1780038326,15503360
1780038331,14340096
1780038336,14340096
1780038341,14319616
1780038346,14319616
1780038351,14319616
1780038356,14360576
1780038361,14360576
1780038366,14360576
1780038371,15392768
1780038376,15392768
1780038381,14401536
1780038386,14401536
1780038391,14401536
1780038396,14401536
1780038401,14221312
1780038406,14221312
1780038411,14221312
1780038416,14221312
1780038421,14249984
1780038426,14249984
1780038431,14249984
1780038436,15142912
1780038436,15142912
1780038441,15142912
1780038446,15142912
1780038451,14512128
1780038456,14512128
1780038461,14512128
1780038466,14766080
1780038471,14766080
1780038476,14368768
1780038481,14368768
1780038486,14368768
1780038491,14479360
1780038496,14479360
1780038501,14479360
1780038506,15507456
1780038511,15507456
1780038516,15507456
1780038521,14241792
1780038526,14241792
1780038531,14241792
1780038536,14376960
1780038541,14376960
1780038546,14376960
1780038551,14635008
1780038556,14635008
1780038561,14635008
1780038566,14716928
1780038571,14716928
1780038576,15192064
1780038581,15192064
1780038586,15192064
1780038591,15192064
1780038596,14503936
1780038601,14503936
1780038606,14503936
1780038611,14135296
1780038616,14135296
1780038621,14299136
1780038626,14299136
1780038631,14299136
1780038636,14397440
1780038641,14397440
1780038646,14397440
1780038651,14974976
1780038656,14974976
1780038661,14974976
1780038666,14594048
1780038671,14594048
1780038676,14594048
1780038681,14594048
1780038686,14344192
1780038691,14344192
1780038696,15298560
1780038701,15298560
1780038706,15298560
1780038711,14213120
1780038716,14213120
1780038721,14602240
1780038726,14602240
1780038731,15151104
1780038736,15151104
1780038741,14614528
1780038746,14614528
1780038751,14614528
1780038756,14614528
1780038761,15134720
1780038766,15134720
1780038771,15134720
1780038776,14229504
1780038781,14229504
1780038786,14491648
1780038791,14491648
1780038796,14491648
1780038801,14139392
1780038806,14139392
1780038811,15097856
1780038816,15097856
1780038821,15097856
1780038826,15097856
1780038831,14774272
1780038836,14774272
1780038841,14774272
1780038846,14581760
1780038851,14581760
1780038856,14581760
1780038861,14581760
1780038866,14200832
1780038871,14200832
1780038876,14200832
1780038881,14200832
1780038886,14680064
1780038891,14680064
1780038896,14680064
1780038901,14483456
1780038906,14483456
1780038911,15577088
1780038916,15577088
1780038921,14610432
1780038926,14610432
1780038931,14610432
1780038936,14880768
1780038941,14880768
1780038946,14880768
1780038951,14577664
1780038956,14577664
1780038961,14577664
1780038966,14516224
1780038971,14516224
1780038976,14516224
1780038981,14516224
1780038986,14524416
1780038991,14524416
1780038996,14524416
1780039001,14700544
1780039006,14700544
1780039011,14700544
1780039016,14413824
1780039021,14413824
1780039026,14413824
1780039031,14413824
1780039036,14639104
1780039041,14639104
1780039046,14622720
1780039051,14622720
1780039056,14622720
1780039061,14716928
1780039066,14716928
1780039071,14716928
1780039076,14708736
1780039081,14708736
1780039086,15319040
1780039091,15319040
1780039096,15319040
1780039101,15319040
1780039106,14897152
1780039111,14897152
1780039116,15020032
1780039121,15020032
1780039126,15020032
1780039131,15020032
1780039136,14733312
1780039141,14733312
1780039146,14733312
1780039151,14651392
1780039156,14651392
1780039161,14651392
1780039166,14639104
1780039171,14639104
1780039176,14639104
1780039181,14520320
1780039186,14520320
1780039191,14520320
1780039196,14942208
1780039201,14942208
1780039206,14893056
1780039211,14893056
1780039216,14893056
1780039221,15994880
1780039226,15994880
1780039231,15994880
1780039236,14671872
1780039241,14671872
1780039246,14671872
1780039251,14950400
1780039256,14950400
1780039261,14712832
1780039266,14712832
1780039271,14712832
1780039276,14614528
1780039281,14614528
1780039286,14766080
1780039291,14766080
1780039296,14766080
1780039301,14766080
1780039306,14491648
1780039311,14491648
1780039316,14491648
1780039321,14491648
1780039326,14872576
1780039331,14872576
1780039336,14635008
1780039336,14635008
1780039341,14635008
1780039346,14635008
1780039351,14888960
1780039356,14888960
1780039361,14888960
1780039366,14569472
1780039371,14569472
1780039376,14569472
1780039381,14725120
1780039386,14725120
1780039391,14725120
1780039396,15147008
1780039401,15147008
1780039406,14753792
1780039411,14753792
1780039416,14753792
1780039421,14860288
1780039426,14860288
1780039431,14860288
1780039436,15212544
1780039441,15212544
1780039446,15212544
1780039451,14913536
1780039456,14913536
1780039461,14913536
1780039466,14594048
1780039471,14594048
1780039476,14594048
1780039481,15155200
1780039486,15155200
1780039491,15020032
1780039496,15020032
1780039501,15020032
1780039506,14708736
1780039511,14708736
1780039516,14708736
1780039521,14901248
1780039526,14901248
1780039531,14901248
1780039536,14704640
1780039541,14704640
1780039546,14704640
1780039551,14704640
1780039556,14761984
1780039561,14761984
1780039566,14761984
1780039571,14815232
1780039576,14815232
1780039581,14815232
1780039586,14815232
1780039591,14671872
1780039596,14671872
1780039601,14671872
1780039606,14671872
1780039611,14737408
1780039616,14737408
1780039621,14573568
1780039626,14573568
1780039631,14573568
1780039636,14573568
1780039641,14860288
1780039646,14860288
1780039651,14860288
1780039656,14798848
1780039661,14798848
1780039666,15302656
1780039671,15302656
1780039676,15302656
1780039681,14733312
1780039686,14733312
1780039691,14733312
1780039696,14733312
1780039701,14581760
1780039706,14581760
1780039711,14581760
1780039716,15519744
1780039721,15519744
1780039726,15519744
1780039731,14839808
1780039736,14839808
1780039741,14839808
1780039746,14704640
1780039751,14704640
1780039756,14704640
1780039761,14704640
1780039766,14680064
1780039771,14680064
1780039776,14680064
1780039781,14680064
1780039786,14569472
1780039791,14569472
1780039796,14569472
1780039801,14569472
1780039806,15110144
1780039811,15110144
1780039816,15110144
1780039821,15269888
1780039826,15269888
1780039831,15269888
1780039836,15269888
1780039841,14622720
1780039846,14622720
1780039851,14622720
1780039856,15048704
1780039861,15048704
1780039866,15048704
1780039871,14778368
1780039876,14778368
1780039881,14663680
1780039886,14663680
1780039891,14663680
1780039896,14790656
1780039901,14790656
1780039906,14790656
1780039911,15069184
1780039916,15069184
1780039921,15069184
1780039926,15503360
1780039931,15503360
1780039936,15503360
1780039941,15503360
1780039946,15319040
1780039951,15319040
1780039956,15028224
1780039961,15028224
1780039966,14368768
1780039971,14368768
1780039976,14368768
1780039981,14368768
1780039986,14733312
1780039991,14733312
1780039996,14733312
1780040001,14688256
1780040006,14688256
1780040011,14688256
1780040016,14925824
1780040021,14925824
1780040026,14925824
1780040031,14925824
1780040036,14893056
1780040041,14893056
1780040046,14893056
1780040051,14893056
1780040056,15323136
1780040061,15323136
1780040066,14942208
1780040071,14942208
1780040076,14942208
1780040081,14749696
1780040086,14749696
1780040091,14749696
1780040096,14528512
1780040101,14528512
1780040106,14528512
1780040111,15765504
1780040116,15765504
1780040121,15765504
1780040126,15765504
1780040131,14786560
1780040136,14786560
1780040141,14786560
1780040146,14983168
1780040151,14983168
1780040156,14983168
1780040161,14733312
1780040166,14733312
1780040171,14733312
1780040176,14733312
1780040181,14868480
1780040186,14868480
1780040191,14868480
1780040196,14692352
1780040201,14692352
1780040206,14692352
1780040211,14622720
1780040216,14622720
1780040221,14622720
1780040226,14974976
1780040231,14974976
1780040236,15269888
1780040236,15269888
1780040241,15269888
1780040246,15269888
1780040251,15269888
1780040256,14958592
1780040261,14958592
1780040266,15237120
1780040271,15237120
1780040276,15237120
1780040281,14917632
1780040286,14917632
1780040291,14917632
1780040296,14503936
1780040301,14503936
1780040306,14503936
1780040311,14671872
1780040316,14671872
1780040321,14671872
1780040326,14671872
1780040331,15216640
1780040336,15216640
1780040341,15364096
1780040346,15364096
1780040351,15364096
1780040356,15364096
1780040361,14708736
1780040366,14708736
1780040371,14708736
1780040376,14921728
1780040381,14921728
1780040386,14921728
1780040391,15003648
1780040396,15003648
1780040401,15355904
1780040406,15355904
1780040411,15355904
1780040416,15839232
1780040421,15839232
1780040426,15839232
1780040431,15839232
1780040436,14745600
1780040441,14745600
1780040446,14745600
1780040451,14934016
1780040456,14934016
1780040461,14934016
1780040466,14934016
1780040471,15106048
1780040476,15106048
1780040481,15106048
1780040486,14925824
1780040491,14925824
1780040496,14925824
1780040501,14934016
1780040506,14934016
1780040511,14934016
1780040516,15388672
1780040521,15388672
1780040526,15388672
1780040531,14807040
1780040536,14807040
1780040541,14807040
1780040546,15790080
1780040551,15790080
1780040556,15790080
1780040561,14946304
1780040566,14946304
1780040571,14946304
1780040576,14946304
1780040581,15118336
1780040586,15118336
1780040591,15118336
1780040596,15089664
1780040601,15089664
1780040606,14716928
1780040611,14716928
1780040616,14716928
1780040621,14893056
1780040626,14893056
1780040631,14893056
1780040636,14893056
1780040641,15396864
1780040646,15396864
1780040651,14856192
1780040656,14856192
1780040661,15175680
1780040666,15175680
1780040671,14757888
1780040676,14757888
1780040681,14757888
1780040686,14614528
1780040691,14614528
1780040696,14614528
1780040701,14614528
1780040706,14737408
1780040711,14737408
1780040716,14737408
1780040721,15020032
1780040726,15020032
1780040731,15020032
1780040736,14901248
1780040741,14901248
1780040746,14901248
1780040751,15306752
1780040756,15306752
1780040761,15306752
1780040766,14614528
1780040771,14614528
1780040776,14614528
1780040781,14884864
1780040786,14884864
1780040791,14503936
1780040796,14503936
1780040801,14503936
1780040806,14745600
1780040811,14745600
1780040816,14745600
1780040821,15360000
1780040826,15360000
1780040831,15360000
1780040836,15200256
1780040841,15200256
1780040846,14938112
1780040851,14938112
1780040856,14938112
1780040861,14938112
1780040866,14790656
1780040871,14790656
1780040876,14790656
1780040881,15286272
1780040886,15286272
1780040891,15286272
1780040896,14991360
1780040901,14991360
1780040906,14991360
1780040911,14991360
1780040916,14991360
1780040921,15081472
1780040926,15081472
1780040931,15081472
1780040936,14811136
1780040941,14811136
1780040946,14811136
1780040951,14811136
1780040956,14659584
1780040961,14659584
1780040966,14659584
1780040971,14974976
1780040976,14974976
1780040981,14974976
1780040986,14823424
1780040991,14823424
1780040996,14823424
1780041001,15224832
1780041006,15224832
1780041011,15224832
1780041016,14745600
1780041021,14745600
1780041026,14884864
1780041031,14884864
1780041036,14884864
1780041041,14495744
1780041046,14495744
1780041051,14495744
1780041056,14884864
1780041061,14884864
1780041066,14884864
1780041071,14884864
1780041076,14749696
1780041081,14749696
1780041086,14749696
1780041091,15523840
1780041096,15523840
1780041101,15523840
1780041106,15523840
1780041111,15425536
1780041116,15425536
1780041121,15425536
1780041126,14692352
1780041131,14692352
1780041136,14692352
1780041136,14692352
1780041141,14692352
1780041146,14946304
1780041151,14946304
1780041156,14946304
1780041161,14991360
1780041166,14991360
1780041171,14991360
1780041176,14991360
1780041181,15081472
1780041186,15081472
1780041191,15081472
1780041196,15405056
1780041201,15405056
1780041206,15405056
1780041211,14807040
1780041216,14807040
1780041221,14864384
1780041226,14864384
1780041231,14864384
1780041236,14864384
1780041241,15486976
1780041246,15486976
1780041251,16064512
1780041256,16064512
1780041261,16064512
1780041266,15036416
1780041271,15036416
1780041276,15036416
1780041281,15036416
1780041286,14958592
1780041291,14958592
1780041296,15319040
1780041301,15319040
1780041306,15319040
1780041311,15020032
1780041316,15020032
1780041321,15020032
1780041326,15724544
1780041331,15724544
1780041336,14745600
1780041341,14745600
1780041346,14848000
1780041351,14848000
1780041356,15798272
1780041361,15798272
1780041366,15798272
1780041371,15798272
1780041376,14946304
1780041381,14946304
1780041386,14946304
1780041391,15020032
1780041396,15020032
1780041401,15020032
1780041406,15020032
1780041411,14622720
1780041416,14622720
1780041421,15060992
1780041426,15060992
1780041431,15060992
1780041436,14966784
1780041441,14966784
1780041446,14966784
1780041451,14880768
1780041456,14880768
1780041461,14528512
1780041466,14528512
1780041471,14528512
1780041476,14798848
1780041481,14798848
1780041486,14798848
1780041491,15298560
1780041496,15298560
1780041501,15298560
1780041506,15298560
1780041511,14696448
1780041516,14696448
1780041521,14696448
1780041526,15249408
1780041531,15249408
1780041536,15249408
1780041541,14786560
1780041546,14786560
1780041551,14786560
1780041556,14991360
1780041561,14991360
1780041566,15007744
1780041571,15007744
1780041576,15007744
1780041581,15085568
1780041586,15085568
1780041591,15085568
1780041596,15085568
1780041601,15224832
1780041606,15224832
1780041611,15224832
1780041616,15224832
1780041621,14938112
1780041626,14938112
1780041631,14938112
1780041636,14999552
1780041641,14999552
1780041646,14999552
1780041651,15462400
1780041656,15462400
1780041661,15462400
1780041666,14458880
1780041671,14458880
1780041676,14458880
1780041681,15204352
1780041686,15204352
1780041691,15204352
1780041696,15376384
1780041701,15376384
1780041706,15036416
1780041711,15036416
1780041716,15036416
1780041721,15425536
1780041726,15425536
1780041731,15425536
1780041736,14938112
1780041741,14938112
1780041746,14938112
1780041751,15073280
1780041756,15073280
1780041761,15073280
1780041766,14954496
1780041771,14954496
1780041776,14954496
1780041781,14954496
1780041786,16060416
1780041791,16060416
1780041796,16060416
1780041801,14876672
1780041806,14876672
1780041811,14876672
1780041816,15097856
1780041821,15097856
1780041826,15097856
1780041831,15556608
1780041836,15556608
1780041841,15556608
1780041846,15556608
1780041851,14946304
1780041856,14946304
1780041861,15519744
1780041866,15519744
1780041871,15519744
1780041876,15519744
1780041881,14917632
1780041886,14917632
1780041891,14917632
1780041896,14917632
1780041901,15306752
1780041906,15306752
1780041911,15527936
1780041916,15527936
1780041921,15527936
1780041926,15286272
1780041931,15286272
1780041936,15286272
1780041941,15237120
1780041946,15237120
1780041951,15237120
1780041956,15417344
1780041961,15417344
1780041966,15417344
1780041971,15040512
1780041976,15040512
1780041981,15040512
1780041986,15073280
1780041991,15073280
1780041996,15073280
1780042001,14983168
1780042006,14983168
1780042011,14868480
1780042016,14868480
1780042021,14954496
1780042026,14954496
1780042031,14954496
1780042036,15409152
1780042036,15409152
1780042041,15409152
1780042046,16027648
1780042051,16027648
1780042056,15056896
1780042061,15056896
1780042066,15056896
1780042071,15056896
1780042076,14675968
1780042081,14675968
1780042086,14675968
1780042091,14917632
1780042096,14917632
1780042101,14888960
1780042106,14888960
1780042111,14917632
1780042116,14917632
1780042121,14917632
1780042126,15048704
1780042131,15048704
1780042136,15048704
1780042141,15155200
1780042146,15155200
1780042151,15155200
1780042156,15155200
1780042161,15048704
1780042166,15048704
1780042171,15048704
1780042176,15187968
1780042181,15187968
1780042186,15187968
1780042191,15716352
1780042196,15716352
1780042201,15716352
1780042206,15044608
1780042211,15044608
1780042216,15044608
1780042221,15044608
1780042226,15077376
1780042231,15077376
1780042236,15073280
1780042241,15073280
1780042246,15073280
1780042251,14913536
1780042256,14913536
1780042261,15245312
1780042266,15245312
1780042271,15245312
1780042276,15245312
1780042281,16027648
1780042286,16027648
1780042291,16027648
1780042296,15097856
1780042301,15097856
1780042306,15097856
1780042311,14929920
1780042316,14929920
1780042321,15753216
1780042326,15753216
1780042331,15753216
1780042336,15753216
1780042341,14630912
1780042346,14630912
1780042351,15675392
1780042356,15675392
1780042361,15278080
1780042366,15278080
1780042371,15278080
1780042376,15097856
1780042381,15097856
1780042386,15097856
1780042391,15110144
1780042396,15110144
1780042401,15110144
1780042406,15110144
1780042411,15081472
1780042416,15081472
1780042421,15081472
1780042426,15126528
1780042431,15126528
1780042436,15126528
1780042441,15114240
1780042446,15114240
1780042451,15114240
1780042456,14946304
1780042461,14946304
1780042466,14946304
1780042471,14946304
1780042476,15163392
1780042481,15163392
1780042486,14888960
1780042491,14888960
1780042496,14888960
1780042501,15093760
1780042506,15093760
1780042511,15093760
1780042516,14954496
1780042521,14954496
1780042526,14954496
1780042531,15200256
1780042536,15200256
1780042541,15200256
1780042546,15884288
1780042551,15884288
1780042556,15884288
1780042561,15884288
1780042566,15290368
1780042571,15290368
1780042576,15290368
1780042581,15290368
1780042586,14774272
1780042591,14774272
1780042596,15212544
1780042601,15212544
1780042606,14934016
1780042611,14934016
1780042616,14934016
1780042621,14983168
1780042626,14983168
1780042631,14983168
1780042636,15187968
1780042641,15187968
1780042646,15187968
1780042651,15187968
1780042656,15515648
1780042661,15515648
1780042666,15515648
1780042671,15089664
1780042676,15089664
1780042681,15089664
1780042686,14987264
1780042691,14987264
1780042696,14987264
1780042701,15339520
1780042706,15339520
1780042711,15339520
1780042716,15155200
1780042721,15155200
1780042726,15155200
1780042731,15155200
1780042736,15224832
1780042741,15224832
1780042746,15134720
1780042751,15134720
1780042756,15134720
1780042761,14962688
1780042766,14962688
1780042771,14962688
1780042776,16207872
1780042781,16207872
1780042786,16207872
1780042791,14848000
1780042796,14848000
1780042801,14848000
1780042806,14848000
1780042811,15073280
1780042816,15073280
1780042821,15101952
1780042826,15101952
1780042831,15101952
1780042836,14995456
1780042841,14995456
1780042846,14995456
1780042851,14995456
1780042856,14991360
1780042861,14991360
1780042866,14991360
1780042871,15437824
1780042876,15437824
1780042881,15024128
1780042886,15024128
1780042891,15024128
1780042896,15355904
1780042901,15355904
1780042906,15355904
1780042911,15527936
1780042916,15527936
1780042921,15527936
1780042926,15163392
1780042931,15163392
1780042936,15163392
1780042936,15163392
1780042941,15163392
1780042946,15773696
1780042951,15773696
1780042956,15085568
1780042961,15085568
1780042966,15605760
1780042971,15605760
1780042976,15605760
1780042981,15364096
1780042986,15364096
1780042991,14987264
1780042996,14987264
1780043001,14987264
1780043006,16318464
1780043011,16318464
1780043016,16318464
1780043021,15896576
1780043026,15896576
1780043031,15896576
1780043036,15556608
1780043041,15556608
1780043046,15556608
1780043051,15470592
1780043056,15470592
1780043061,15171584
1780043066,15171584
1780043071,15171584
1780043076,15335424
1780043081,15335424
1780043086,15335424
1780043091,15147008
1780043096,15147008
1780043101,15147008
1780043106,15147008
1780043111,15597568
1780043116,15597568
1780043121,15597568
1780043126,15597568
1780043131,15110144
1780043136,15110144
1780043141,15110144
1780043146,15110144
1780043151,15204352
1780043156,15204352
1780043161,15204352
1780043166,15253504
1780043171,15253504
1780043176,15654912
1780043181,15654912
1780043186,15716352
1780043191,15716352
1780043196,15716352
1780043201,15114240
1780043206,15114240
1780043211,15114240
1780043216,15495168
1780043221,15495168
1780043226,15495168
1780043231,15495168
1780043236,15429632
1780043241,15429632
1780043246,15015936
1780043251,15015936
1780043256,15015936
1780043261,15015936
1780043266,15466496
1780043271,15466496
1780043276,15466496
1780043281,15466496
1780043286,15413248
1780043291,15413248
1780043296,15429632
1780043301,15429632
1780043306,15425536
1780043311,15425536
1780043316,15425536
1780043321,15425536
1780043326,15179776
1780043331,15179776
1780043336,15179776
1780043341,15179776
1780043346,15200256
1780043351,15200256
1780043356,15200256
1780043361,15204352
1780043366,15204352
1780043371,15204352
1780043376,16211968
1780043381,16211968
1780043386,15536128
1780043391,15536128
1780043396,15536128
1780043401,15515648
1780043406,15515648
1780043411,15536128
1780043416,15536128
1780043421,15536128
1780043426,15536128
1780043431,15462400
1780043436,15462400
1780043441,15478784
1780043446,15478784
1780043451,15478784
1780043456,15364096
1780043461,15364096
1780043466,15364096
1780043471,15478784
1780043476,15478784
1780043481,15478784
1780043486,15007744
1780043491,15007744
1780043496,15007744
1780043501,15224832
1780043506,15224832
1780043511,15224832
1780043516,15642624
1780043521,15642624
1780043526,15642624
1780043531,15486976
1780043536,15486976
1780043541,15486976
1780043546,15486976
1780043551,16285696
1780043556,16285696
1780043561,16285696
1780043566,15622144
1780043571,15622144
1780043576,15622144
1780043581,15216640
1780043586,15216640
1780043591,15216640
1780043596,15216640
1780043601,15421440
1780043606,15421440
1780043611,15536128
1780043616,15536128
1780043621,15228928
1780043626,15228928
1780043631,15228928
1780043636,15228928
1780043641,15253504
1780043646,15253504
1780043651,15253504
1780043656,15052800
1780043661,15052800
1780043666,15470592
1780043671,15470592
1780043676,15470592
1780043681,15470592
1780043686,15122432
1780043691,15122432
1780043696,15122432
1780043701,15409152
1780043706,15409152
1780043711,15409152
1780043716,15409152
1780043721,16125952
1780043726,16125952
1780043731,16125952
1780043736,15396864
1780043741,15396864
1780043746,15396864
1780043751,15716352
1780043756,15716352
1780043761,15716352
1780043766,15716352
1780043771,15159296
1780043776,15159296
1780043781,15159296
1780043786,15441920
1780043791,15441920
1780043796,15441920
1780043801,15441920
1780043806,15872000
1780043811,15872000
1780043816,15872000
1780043821,15540224
1780043826,15540224
1780043831,15540224
1780043836,15540224
1780043836,15540224
1780043841,15638528
1780043846,15638528
1780043851,15638528
1780043856,15720448
1780043861,15720448
1780043866,15720448
1780043871,15286272
1780043876,15286272
1780043881,15630336
1780043886,15630336
1780043891,15630336
1780043896,15282176
1780043901,15282176
1780043906,15282176
1780043911,15200256
1780043916,15200256
1780043921,15302656
1780043926,15302656
1780043931,15302656
1780043936,15253504
1780043941,15253504
1780043946,15253504
1780043951,14942208
1780043956,14942208
1780043961,15396864
1780043966,15396864
1780043971,15396864
1780043976,15396864
1780043981,15572992
1780043986,15572992
1780043991,15572992
1780043996,15572992
1780044001,15130624
1780044006,15130624
1780044011,15130624
1780044016,15130624
1780044021,15450112
1780044026,15450112
1780044031,15450112
1780044036,15200256
1780044041,15200256
1780044046,15200256
1780044051,15454208
1780044056,15454208
1780044061,15536128
1780044066,15536128
1780044071,15536128
1780044076,15536128
1780044081,16064512
1780044086,16064512
1780044091,16064512
1780044096,15269888
1780044101,15269888
1780044106,15269888
1780044111,15269888
1780044116,15650816
1780044121,15650816
1780044126,15290368
1780044131,15290368
1780044136,15290368
1780044141,15310848
1780044146,15310848
1780044151,15327232
1780044156,15327232
1780044161,15327232
1780044166,15327232
1780044171,15450112
1780044176,15450112
1780044181,15450112
1780044186,15454208
1780044191,15454208
1780044196,16338944
1780044201,16338944
1780044206,16338944
1780044211,15388672
1780044216,15388672
1780044221,15388672
1780044226,15388672
1780044231,15413248
1780044236,15413248
1780044241,15413248
1780044246,15675392
1780044251,15675392
1780044256,15675392
1780044261,15511552
1780044266,15511552
1780044271,15511552
1780044276,15511552
1780044281,15122432
1780044286,15122432
1780044291,15400960
1780044296,15400960
1780044301,15400960
1780044306,15400960
1780044311,15937536
1780044316,15937536
1780044321,15937536
1780044326,15302656
1780044331,15302656
1780044336,15450112
1780044341,15450112
1780044346,15450112
1780044351,15298560
1780044356,15298560
1780044361,15298560
1780044366,15298560
1780044371,15310848
1780044376,15310848
1780044381,15204352
1780044386,15204352
1780044391,15646720
1780044396,15646720
1780044401,15646720
1780044406,15646720
1780044411,16072704
1780044416,16072704
1780044421,16072704
1780044426,15409152
1780044431,15409152
1780044436,15384576
1780044441,15384576
1780044446,15384576
1780044451,15384576
1780044456,16531456
1780044461,16531456
1780044466,16531456
1780044471,16044032
1780044476,16044032
1780044481,16044032
1780044486,16044032
1780044491,15818752
1780044496,15818752
1780044501,15405056
1780044506,15405056
1780044511,15405056
1780044516,15147008
1780044521,15147008
1780044526,15147008
1780044531,15142912
1780044536,15142912
1780044541,15142912
1780044546,15142912
1780044551,15491072
1780044556,15491072
1780044561,15405056
1780044566,15405056
1780044571,15405056
1780044576,15351808
1780044581,15351808
1780044586,16048128
1780044591,16048128
1780044596,16048128
1780044601,15720448
1780044606,15720448
1780044611,15720448
1780044616,15720448
1780044621,15650816
1780044626,15650816
1780044631,15650816
1780044636,15441920
1780044641,15441920
1780044646,15204352
1780044651,15204352
1780044656,15204352
1780044661,16220160
1780044666,16220160
1780044671,16220160
1780044676,15642624
1780044681,15642624
1780044686,15642624
1780044691,15642624
1780044696,15437824
1780044701,15437824
1780044706,15437824
1780044711,15740928
1780044716,15740928
1780044721,15609856
1780044726,15609856
1780044731,15609856
1780044736,15278080
1780044736,15278080
1780044741,15278080
1780044746,15278080
1780044751,15196160
1780044756,15196160
1780044761,15196160
1780044766,15421440
1780044771,15421440
1780044776,15421440
1780044781,15421440
1780044786,15605760
1780044791,15605760
1780044796,15278080
1780044801,15278080
1780044806,15278080
1780044811,15622144
1780044816,15622144
1780044821,15622144
1780044826,15544320
1780044831,15544320
1780044836,15671296
1780044841,15671296
1780044846,15671296
1780044851,15327232
1780044856,15327232
1780044861,15327232
1780044866,15470592
1780044871,15470592
1780044876,15577088
1780044881,15577088
1780044886,15577088
1780044891,15470592
1780044896,15470592
1780044901,15794176
1780044906,15794176
1780044911,15794176
1780044916,15794176
1780044921,15585280
1780044926,15585280
1780044931,15585280
1780044936,15286272
1780044941,15286272
1780044946,15286272
1780044951,15413248
1780044956,15413248
1780044961,15413248
1780044966,15609856
1780044971,15609856
1780044976,15609856
1780044981,15384576
1780044986,15384576
1780044991,15384576
1780044996,15613952
1780045001,15613952
1780045006,15613952
1780045011,15642624
1780045016,15642624
1780045021,15642624
1780045026,15642624
1780045031,16396288
1780045036,16396288
1780045041,16396288
1780045046,16396288
1780045051,15663104
1780045056,15663104
1780045061,15351808
1780045066,15351808
1780045071,15351808
1780045076,15515648
1780045081,15515648
1780045086,15515648
1780045091,15515648
1780045096,15773696
1780045101,15773696
1780045106,15773696
1780045111,15773696
1780045116,15577088
1780045121,15577088
1780045126,15577088
1780045131,15585280
1780045136,15585280
1780045141,16646144
1780045146,16646144
1780045151,16646144
1780045156,15638528
1780045161,15638528
1780045166,15638528
1780045171,15822848
1780045176,15822848
1780045181,15822848
1780045186,15822848
1780045191,16097280
1780045196,16097280
1780045201,16097280
1780045206,21786624
1780045211,21786624
1780045216,21786624
1780045221,22310912
1780045226,22310912
1780045231,22417408
1780045236,22417408
1780045241,22417408
1780045246,22077440
1780045251,22077440
1780045256,22077440
1780045261,22077440
1780045266,22265856
1780045271,22265856
1780045276,22265856
1780045281,22413312
1780045286,22413312
1780045291,22413312
1780045296,23400448
1780045301,23400448
1780045306,22228992
1780045311,22228992
1780045316,22228992
1780045321,22228992
1780045326,22466560
1780045331,22466560
1780045336,22466560
1780045341,23171072
1780045346,23171072
1780045351,23171072
1780045356,23171072
1780045361,22212608
1780045366,22212608
1780045371,22212608
1780045376,22458368
1780045381,22458368
1780045386,22458368
1780045391,22290432
1780045396,22290432
1780045401,22290432
1780045406,22188032
1780045411,22188032
1780045416,22487040
1780045421,22487040
1780045426,22487040
1780045431,22487040
1780045436,21979136
1780045441,21979136
1780045446,21979136
1780045451,21979136
1780045456,22208512
1780045461,22208512
1780045466,22208512
1780045471,22208512
1780045476,22380544
1780045481,22380544
1780045486,22380544
1780045491,22446080
1780045496,22446080
1780045501,22446080
1780045506,22347776
1780045511,22347776
1780045516,22347776
1780045521,23822336
1780045526,23822336
1780045531,23822336
1780045536,23265280
1780045541,23265280
1780045546,23265280
1780045551,22601728
1780045556,22601728
1780045561,22601728
1780045566,22614016
1780045571,22614016
1780045576,22614016
1780045581,23318528
1780045586,23318528
1780045591,23318528
1780045596,23257088
1780045601,23257088
1780045606,23257088
1780045611,22634496
1780045616,22634496
1780045621,22634496
1780045626,22687744
1780045631,22687744
1780045636,22343680
1780045636,22343680
1780045641,22343680
1780045646,24596480
1780045651,24596480
1780045656,22540288
1780045661,22540288
1780045666,22540288
1780045671,22536192
1780045676,22536192
1780045681,22536192
1780045686,22536192
1780045691,22683648
1780045696,22683648
1780045701,22683648
1780045706,22396928
1780045711,22396928
1780045716,22396928
1780045721,22888448
1780045726,22888448
1780045731,22888448
1780045736,22360064
1780045741,22360064
1780045746,22360064
1780045751,22646784
1780045756,22646784
1780045761,22646784
1780045766,22540288
1780045771,22540288
1780045776,22650880
1780045781,22650880
1780045786,22650880
1780045791,22454272
1780045796,22454272
1780045801,22454272
1780045806,22642688
1780045811,22642688
1780045816,22437888
1780045821,22437888
1780045826,22773760
1780045831,22773760
1780045836,22773760
1780045841,23220224
1780045846,23220224
1780045851,23220224
1780045856,23220224
1780045861,22728704
1780045866,22728704
1780045871,22728704
1780045876,22474752
1780045881,22474752
1780045886,22474752
1780045891,22474752
1780045896,22708224
1780045901,22708224
1780045906,22638592
1780045911,22638592
1780045916,22327296
1780045921,22327296
1780045926,22327296
1780045931,22327296
1780045936,22470656
1780045941,22470656
1780045946,22847488
1780045951,22847488
1780045956,22847488
1780045961,22847488
1780045966,22630400
1780045971,22630400
1780045976,22908928
1780045981,22908928
1780045986,22908928
1780045991,22847488
1780045996,22847488
1780046001,22847488
1780046006,22847488
1780046011,22491136
1780046016,22491136
1780046021,22728704
1780046026,22728704
1780046031,22728704
1780046036,22728704
1780046041,22474752
1780046046,22474752
1780046051,22794240
1780046056,22794240
1780046061,22794240
1780046066,22794240
1780046071,23203840
1780046076,23203840
1780046081,23203840
1780046086,22970368
1780046091,22970368
1780046096,22675456
1780046101,22675456
1780046106,23355392
1780046111,23355392
1780046116,23355392
1780046121,23355392
1780046126,22687744
1780046131,22687744
1780046136,22687744
1780046141,22753280
1780046146,22753280
1780046151,22753280
1780046156,22921216
1780046161,22921216
1780046166,22921216
1780046171,22921216
1780046176,22773760
1780046181,22773760
1780046186,22773760
1780046191,22487040
1780046196,22487040
1780046201,23199744
1780046206,23199744
1780046211,23199744
1780046216,23142400
1780046221,23142400
1780046226,23142400
1780046231,22585344
1780046236,22585344
1780046241,23166976
1780046246,23166976
1780046251,23166976
1780046256,23855104
1780046261,23855104
1780046266,23855104
1780046271,22626304
1780046276,22626304
1780046281,22544384
1780046286,22544384
1780046291,22544384
1780046296,22663168
1780046301,22663168
1780046306,22605824
1780046311,22605824
1780046316,22605824
1780046321,22605824
1780046326,22515712
1780046331,22515712
1780046336,22515712
1780046341,22806528
1780046346,22806528
1780046351,22806528
1780046356,22589440
1780046361,22589440
1780046366,22589440
1780046371,22589440
1780046376,22503424
1780046381,22503424
1780046386,22503424
1780046391,22503424
1780046396,22896640
1780046401,22896640
1780046406,22896640
1780046411,23187456
1780046416,23187456
1780046421,23187456
1780046426,22568960
1780046431,22568960
1780046436,22568960
1780046441,22798336
1780046446,22798336
1780046451,23007232
1780046456,23007232
1780046461,23007232
1780046466,23007232
1780046471,23142400
1780046476,23142400
1780046481,22605824
1780046486,22605824
1780046491,23064576
1780046496,23064576
1780046501,23064576
1780046506,22806528
1780046511,22806528
1780046516,22806528
1780046521,22536192
1780046526,22536192
1780046531,22536192
1780046536,23080960
1780046536,23080960
1780046541,23080960
1780046546,23080960
1780046551,23080960
1780046556,22364160
1780046561,22364160
1780046566,22364160
1780046571,22364160
1780046576,22540288
1780046581,22540288
1780046586,22822912
1780046591,22822912
1780046596,22822912
1780046601,22822912
1780046606,24096768
1780046611,24096768
1780046616,24096768
1780046621,23334912
1780046626,23334912
1780046631,22609920
1780046636,22609920
1780046641,22839296
1780046646,22839296
1780046651,22839296
1780046656,23093248
1780046661,23093248
1780046666,22564864
1780046671,22564864
1780046676,22564864
1780046681,23130112
1780046686,23130112
1780046691,22740992
1780046696,22740992
1780046701,22740992
1780046706,22740992
1780046711,23486464
1780046716,23486464
1780046721,23486464
1780046726,22499328
1780046731,22499328
1780046736,22499328
1780046741,23035904
1780046746,23035904
1780046751,23384064
1780046756,23384064
1780046761,23384064
1780046766,23384064
1780046771,22814720
1780046776,22814720
1780046781,22839296
1780046786,22839296
1780046791,23040000
1780046796,23040000
1780046801,23040000
1780046806,23040000
1780046811,22777856
1780046816,22777856
1780046821,22839296
1780046826,22839296
1780046831,22839296
1780046836,22712320
1780046841,22712320
1780046846,22372352
1780046851,22372352
1780046856,22372352
1780046861,22712320
1780046866,22712320
1780046871,23879680
1780046876,23879680
1780046881,23879680
1780046886,23879680
1780046891,22822912
1780046896,22822912
1780046901,22822912
1780046906,23126016
1780046911,23126016
1780046916,23126016
1780046921,23007232
1780046926,23007232
1780046931,23007232
1780046936,23007232
1780046941,22544384
1780046946,22544384
1780046951,22544384
1780046956,22859776
1780046961,22859776
1780046966,22859776
1780046971,22859776
1780046976,23248896
1780046981,23248896
1780046986,23248896
1780046991,23248896
1780046996,22417408
1780047001,22417408
1780047006,22417408
1780047011,23117824
1780047016,23117824
1780047021,23117824
1780047026,23117824
1780047031,23363584
1780047036,23363584
1780047041,23363584
1780047046,23363584
1780047051,22556672
1780047056,22556672
1780047061,23465984
1780047066,23465984
1780047071,23465984
1780047076,23465984
1780047081,22953984
1780047086,22953984
1780047091,22953984
1780047096,22953984
1780047101,22700032
1780047106,22700032
1780047111,22700032
1780047116,22827008
1780047121,22827008
1780047126,22896640
1780047131,22896640
1780047136,22896640
1780047141,23113728
1780047146,23113728
1780047151,23113728
1780047156,23183360
1780047161,23183360
1780047166,23183360
1780047171,23183360
1780047176,22351872
1780047181,22351872
1780047186,22351872
1780047191,22638592
1780047196,22638592
1780047201,22573056
1780047206,22573056
1780047211,22573056
1780047216,22700032
1780047221,22700032
1780047226,22700032
1780047231,22700032
1780047236,22654976
1780047241,22654976
1780047246,22691840
1780047251,22691840
1780047256,22691840
1780047261,22724608
1780047266,22724608
1780047271,22724608
1780047276,22671360
1780047281,22671360
1780047286,22671360
1780047291,22671360
1780047296,23113728
1780047301,23113728
1780047306,22716416
1780047311,22716416
1780047316,22716416
1780047321,22716416
1780047326,23113728
1780047331,23113728
1780047336,23113728
1780047341,23158784
1780047346,23158784
1780047351,23158784
1780047356,22810624
1780047361,22810624
1780047366,22810624
1780047371,22806528
1780047376,22806528
1780047381,22806528
1780047386,22818816
1780047391,22818816
1780047396,22818816
1780047401,22818816
1780047406,22872064
1780047411,22872064
1780047416,22573056
1780047421,22573056
1780047426,23138304
1780047431,23138304
1780047436,23138304
1780047436,23138304
1780047441,23887872
1780047446,23887872
1780047451,23887872
1780047456,22839296
1780047461,22839296
1780047466,22986752
1780047471,22986752
1780047476,22986752
1780047481,22888448
1780047486,22888448
1780047491,22888448
1780047496,22798336
1780047501,22798336
1780047506,23015424
1780047511,23015424
1780047516,23015424
1780047521,23015424
1780047526,22843392
1780047531,22843392
1780047536,22843392
1780047541,23552000
1780047546,23552000
1780047551,23552000
1780047556,23552000
1780047561,22892544
1780047566,22892544
1780047571,22892544
1780047576,23097344
1780047581,23097344
1780047586,23097344
1780047591,23097344
1780047596,22876160
1780047601,22876160
1780047606,22867968
1780047611,22867968
1780047616,22724608
1780047621,22724608
1780047626,22724608
1780047631,22724608
1780047636,23019520
1780047641,23019520
1780047646,23019520
1780047651,23019520
1780047656,22761472
1780047661,22761472
1780047666,22761472
1780047671,22888448
1780047676,22888448
1780047681,22888448
1780047686,22835200
1780047691,22835200
1780047696,22777856
1780047701,22777856
1780047706,22777856
1780047711,22777856
1780047716,22822912
1780047721,22822912
1780047726,22966272
1780047731,22966272
1780047736,22966272
1780047741,23597056
1780047746,23597056
1780047751,23597056
1780047756,23597056
1780047761,22851584
1780047766,22851584
1780047771,23105536
1780047776,23105536
1780047781,23105536
1780047786,22650880
1780047791,22650880
1780047796,22650880
1780047801,22650880
1780047806,22908928
1780047811,22908928
1780047816,22908928
1780047821,23031808
1780047826,23031808
1780047831,23609344
1780047836,23609344
1780047841,23609344
1780047846,23609344
1780047851,22880256
1780047856,22880256
1780047861,22880256
1780047866,22892544
1780047871,22892544
1780047876,22892544
1780047881,22945792
1780047886,22945792
1780047891,22945792
1780047896,22945792
1780047901,22958080
1780047906,22958080
1780047911,22958080
1780047916,22753280
1780047921,22753280
1780047926,22753280
1780047931,22757376
1780047936,22757376
1780047941,22757376
1780047946,22761472
1780047951,22761472
1780047956,22761472
1780047961,22822912
1780047966,22822912
1780047971,22822912
1780047976,22781952
1780047981,22781952
1780047986,23089152
1780047991,23089152
1780047996,22876160
1780048001,22876160
1780048006,22876160
1780048011,23048192
1780048016,23048192
1780048021,22966272
1780048026,22966272
1780048031,22966272
1780048036,22679552
1780048041,22679552
1780048046,22679552
1780048051,23707648
1780048056,23707648
1780048061,23707648
1780048066,22765568
1780048071,22765568
1780048076,22659072
1780048081,22659072
1780048086,22986752
1780048091,22986752
1780048096,22986752
1780048101,22986752
1780048106,22765568
1780048111,22765568
1780048116,22765568
1780048121,22765568
1780048126,23105536
1780048131,23105536
1780048136,23101440
1780048141,23101440
1780048146,23101440
1780048151,23834624
1780048156,23834624
1780048161,22757376
1780048166,22757376
1780048171,22757376
1780048176,22753280
1780048181,22753280
1780048186,22753280
1780048191,23715840
1780048196,23715840
1780048201,23715840
1780048206,22892544
1780048211,22892544
1780048216,23236608
1780048221,23236608
1780048226,22892544
1780048231,22892544
1780048236,22892544
1780048241,22892544
1780048246,22847488
1780048251,22847488
1780048256,22847488
1780048261,22847488
1780048266,22814720
1780048271,22814720
1780048276,22814720
1780048281,22814720
1780048286,23273472
1780048291,23273472
1780048296,22929408
1780048301,22929408
1780048306,22929408
1780048311,23261184
1780048316,23261184
1780048321,23261184
1780048326,23261184
1780048331,22908928
1780048336,22908928
1780048336,22908928
1780048341,23027712
1780048346,23027712
1780048351,23027712
1780048356,23281664
1780048361,23281664
1780048366,23281664
1780048371,23093248
1780048376,23093248
1780048381,23146496
1780048386,23146496
1780048391,23146496
1780048396,22757376
1780048401,22757376
1780048406,22757376
1780048411,23826432
1780048416,23826432
1780048421,23826432
1780048426,22810624
1780048431,22810624
1780048436,22667264
1780048441,22667264
1780048446,22667264
1780048451,22794240
1780048456,22794240
1780048461,22405120
1780048466,22405120
1780048471,22405120
1780048476,23277568
1780048481,23277568
1780048486,23277568
1780048491,23277568
1780048496,22925312
1780048501,22925312
1780048506,22925312
1780048511,22925312
1780048516,23355392
1780048521,23355392
1780048526,23355392
1780048531,23052288
1780048536,23052288
1780048541,23375872
1780048546,23375872
1780048551,23375872
1780048556,23375872
1780048561,23048192
1780048566,23048192
1780048571,23048192
1780048576,23166976
1780048581,23166976
1780048586,23166976
1780048591,23461888
1780048596,23461888
1780048601,23330816
1780048606,23330816
1780048611,22683648
1780048616,22683648
1780048621,22683648
1780048626,22683648
1780048631,23199744
1780048636,23199744
1780048641,23810048
1780048646,23810048
1780048651,23810048
1780048656,23810048
1780048661,22716416
1780048666,22716416
1780048671,22716416
1780048676,22630400
1780048681,22630400
1780048686,22630400
1780048691,23003136
1780048696,23003136
1780048701,23003136
1780048706,22786048
1780048711,22786048
1780048716,22786048
1780048721,23040000
1780048726,23040000
1780048731,22917120
1780048736,22917120
1780048741,22917120
1780048746,22917120
1780048751,22917120
1780048756,22917120
1780048761,22917120
1780048766,22917120
1780048771,23056384
1780048776,23056384
1780048781,23056384
1780048786,23248896
1780048791,23248896
1780048796,23248896
1780048801,22761472
1780048806,22761472
1780048811,22761472
1780048816,22917120
1780048821,22917120
1780048826,22917120
1780048831,22859776
1780048836,22859776
1780048841,22859776
1780048846,22859776
1780048851,22884352
1780048856,22884352
1780048861,22884352
1780048866,24293376
1780048871,24293376
1780048876,24293376
1780048881,24293376
1780048886,23478272
1780048891,23478272
1780048896,22749184
1780048901,22749184
1780048906,22749184
1780048911,23359488
1780048916,23359488
1780048921,23359488
1780048926,23359488
1780048931,23330816
1780048936,23330816
1780048941,23183360
1780048946,23183360
1780048951,23343104
1780048956,23343104
1780048961,23343104
1780048966,23343104
1780048971,23539712
1780048976,23539712
1780048981,23539712
1780048986,23601152
1780048991,23601152
1780048996,23601152
1780049001,23183360
1780049006,23183360
1780049011,23330816
1780049016,23330816
1780049021,23330816
1780049026,23330816
1780049031,23683072
1780049036,23683072
1780049041,23224320
1780049046,23224320
1780049051,23224320
1780049056,23330816
1780049061,23330816
1780049066,23330816
1780049071,23142400
1780049076,23142400
1780049081,23142400
1780049086,23691264
1780049091,23691264
1780049096,23920640
1780049101,23920640
1780049106,23920640
1780049111,22978560
1780049116,22978560
1780049121,22978560
1780049126,23359488
1780049131,23359488
1780049136,23359488
1780049141,23769088
1780049146,23769088
1780049151,23769088
1780049156,23572480
1780049161,23572480
1780049166,23572480
1780049171,23662592
1780049176,23662592
1780049181,23662592
1780049186,24039424
1780049191,24039424
1780049196,24039424
1780049201,23375872
1780049206,23375872
1780049211,23375872
1780049216,23625728
1780049221,23625728
1780049226,23625728
1780049231,23351296
1780049236,23351296
1780049236,23351296
1780049241,23351296
1780049246,23642112
1780049251,23642112
1780049256,23642112
1780049261,23465984
1780049266,23465984
1780049271,23465984
1780049276,23568384
1780049281,23568384
1780049286,23568384
1780049291,23568384
1780049296,23711744
1780049301,23711744
1780049306,23179264
1780049311,23179264
1780049316,23179264
1780049321,23592960
1780049326,23592960
1780049331,23592960
1780049336,23433216
1780049341,23433216
1780049346,23642112
1780049351,23642112
1780049356,23642112
1780049361,23642112
1780049366,23760896
1780049371,23760896
1780049376,23425024
1780049381,23425024
1780049386,23425024
1780049391,23461888
1780049396,23461888
1780049401,23461888
1780049406,23564288
1780049411,23564288
1780049416,23916544
1780049421,23916544
1780049426,23916544
1780049431,23916544
1780049436,23482368
1780049441,23482368
1780049446,23482368
1780049451,23482368
1780049456,23703552
1780049461,23703552
1780049466,23162880
1780049471,23162880
1780049476,23162880
1780049481,23162880
1780049486,23330816
1780049491,23330816
1780049496,23330816
1780049501,23306240
1780049506,23306240
1780049511,23719936
1780049516,23719936
1780049521,23719936
1780049526,23719936
1780049531,23162880
1780049536,23162880
1780049541,23318528
1780049546,23318528
1780049551,23347200
1780049556,23347200
1780049561,23347200
1780049566,23617536
1780049571,23617536
1780049576,23617536
1780049581,23556096
1780049586,23556096
1780049591,23556096
1780049596,23220224
1780049601,23220224
1780049606,23220224
1780049611,23220224
1780049616,23707648
1780049621,23707648
1780049626,23707648
1780049631,23707648
1780049636,23609344
1780049641,23609344
1780049646,23609344
1780049651,23592960
1780049656,23592960
1780049661,23343104
1780049666,23343104
1780049671,23343104
1780049676,23433216
1780049681,23433216
1780049686,23433216
1780049691,24080384
1780049696,24080384
1780049701,24080384
1780049706,23285760
1780049711,23285760
1780049716,23375872
1780049721,23375872
1780049726,23375872
1780049731,23961600
1780049736,23961600
1780049741,23961600
1780049746,23568384
1780049751,23568384
1780049756,23568384
1780049761,23277568
1780049766,23277568
1780049771,23277568
1780049776,23277568
1780049781,24727552
1780049786,24727552
1780049791,23625728
1780049796,23625728
1780049801,23625728
1780049806,23625728
1780049811,23293952
1780049816,23293952
1780049821,23293952
1780049826,23838720
1780049831,23838720
1780049836,23838720
1780049841,23392256
1780049846,23392256
1780049851,24219648
1780049856,24219648
1780049861,24219648
1780049866,23212032
1780049871,23212032
1780049876,23212032
1780049881,23212032
1780049886,23179264
1780049891,23179264
1780049896,23179264
1780049901,23248896
1780049906,23248896
1780049911,23248896
1780049916,23248896
1780049921,23617536
1780049926,23617536
1780049931,23617536
1780049936,23511040
1780049941,23511040
1780049946,23511040
1780049951,23916544
1780049956,23916544
1780049961,23916544
1780049966,23392256
1780049971,23392256
1780049976,23392256
1780049981,23629824
1780049986,23629824
1780049991,23629824
1780049996,23441408
1780050001,23441408
1780050006,23441408
1780050011,23482368
1780050016,23482368
1780050021,23482368
1780050026,23482368
1780050031,23470080
1780050036,23470080
1780050041,23470080
1780050046,23470080
1780050051,24182784
1780050056,24182784
1780050061,24182784
1780050066,23310336
1780050071,23310336
1780050076,23310336
1780050081,23310336
1780050086,23994368
1780050091,23994368
1780050096,23994368
1780050101,23674880
1780050106,23674880
1780050111,23674880
1780050116,23674880
1780050121,23367680
1780050126,23367680
1780050131,23367680
1780050136,23146496
1780050136,23146496
1780050141,23146496
1780050146,23146496
1780050151,23138304
1780050156,23138304
1780050161,23216128
1780050166,23216128
1780050171,23216128
1780050176,23789568
1780050181,23789568
1780050186,23789568
1780050191,23273472
1780050196,23273472
1780050201,23273472
1780050206,23896064
1780050211,23896064
1780050216,23896064
1780050221,23093248
1780050226,23093248
1780050231,23093248
1780050236,23093248
1780050241,23486464
1780050246,23486464
1780050251,23486464
1780050256,23486464
1780050261,23408640
1780050266,23408640
1780050271,23416832
1780050276,23416832
1780050281,23416832
1780050286,23416832
1780050291,23502848
1780050296,23502848
1780050301,23420928
1780050306,23420928
1780050311,23420928
1780050316,23343104
1780050321,23343104
1780050326,23343104
1780050331,23355392
1780050336,23355392
1780050341,23355392
1780050346,23515136
1780050351,23515136
1780050356,23429120
1780050361,23429120
1780050366,23429120
1780050371,23572480
1780050376,23572480
1780050381,23339008
1780050386,23339008
1780050391,23339008
1780050396,23310336
1780050401,23310336
1780050406,23310336
1780050411,23330816
1780050416,23330816
1780050421,23330816
1780050426,23330816
1780050431,23363584
1780050436,23363584
1780050441,23363584
1780050446,23302144
1780050451,23302144
1780050456,23302144
1780050461,23302144
1780050466,23240704
1780050471,23240704
1780050476,23240704
1780050481,23240704
1780050486,23195648
1780050491,23195648
1780050496,23195648
1780050501,23552000
1780050506,23552000
1780050511,23552000
1780050516,23240704
1780050521,23240704
1780050526,23240704
1780050531,23310336
1780050536,23310336
1780050541,23310336
1780050546,23154688
1780050551,23154688
1780050556,23154688
1780050561,23441408
1780050566,23441408
1780050571,23441408
1780050576,23437312
1780050581,23437312
1780050586,23437312
1780050591,23293952
1780050596,23293952
1780050601,23310336
1780050606,23310336
1780050611,23310336
1780050616,23044096
1780050621,23044096
1780050626,23044096
1780050631,23044096
1780050636,23179264
1780050641,23179264
1780050646,23465984
1780050651,23465984
1780050656,23465984
1780050661,23879680
1780050666,23879680
1780050671,23494656
1780050676,23494656
1780050681,23494656
1780050686,23461888
1780050691,23461888
1780050696,23461888
1780050701,23478272
1780050706,23478272
1780050711,23478272
1780050716,23408640
1780050721,23408640
1780050726,23334912
1780050731,23334912
1780050736,23691264
1780050741,23691264
1780050746,23691264
1780050751,23691264
1780050756,24113152
1780050761,24113152
1780050766,23379968
1780050771,23379968
1780050776,23379968
1780050781,23552000
1780050786,23552000
1780050791,23552000
1780050796,23552000
1780050801,24260608
1780050806,24260608
1780050811,24260608
1780050816,23580672
1780050821,23580672
1780050826,23580672
1780050831,23457792
1780050836,23457792
1780050841,23457792
1780050846,23457792
1780050851,23515136
1780050856,23515136
1780050861,23515136
1780050866,23396352
1780050871,23396352
1780050876,23396352
1780050881,23318528
1780050886,23318528
1780050891,23318528
1780050896,23437312
1780050901,23437312
1780050906,23437312
1780050911,23437312
1780050916,23224320
1780050921,23224320
1780050926,23224320
1780050931,23224320
1780050936,23461888
1780050941,23461888
1780050946,23461888
1780050951,23486464
1780050956,23486464
1780050961,23486464
1780050966,23486464
1780050971,23482368
1780050976,23482368
1780050981,23482368
1780050986,24039424
1780050991,24039424
1780050996,24039424
1780051001,24281088
1780051006,24281088
1780051011,24281088
1780051016,24281088
1780051021,22843392
1780051026,22843392
1780051031,23646208
1780051036,23646208
1780051036,23646208
1780051041,23646208
1780051046,23646208
1780051051,23900160
1780051056,23900160
1780051061,23900160
1780051066,23187456
1780051071,23187456
1780051076,23531520
1780051081,23531520
1780051086,23531520
1780051091,23556096
1780051096,23556096
1780051101,23556096
1780051106,23556096
1780051111,23302144
1780051116,23302144
1780051121,23302144
1780051126,23187456
1780051131,23187456
1780051136,23420928
1780051141,23420928
1780051146,23420928
1780051151,23388160
1780051156,23388160
1780051161,23388160
1780051166,23388160
1780051171,24694784
1780051176,24694784
1780051181,23347200
1780051186,23347200
1780051191,23347200
1780051196,23347200
1780051201,23916544
1780051206,23916544
1780051211,23916544
1780051216,23916544
1780051221,23273472
1780051226,23273472
1780051231,23310336
1780051236,23310336
1780051241,23486464
1780051246,23486464
1780051251,23486464
1780051256,23486464
1780051261,23326720
1780051266,23326720
1780051271,23326720
1780051276,23326720
1780051281,23183360
1780051286,23183360
1780051291,23183360
1780051296,24461312
1780051301,24461312
1780051306,24461312
1780051311,23465984
1780051316,23465984
1780051321,23465984
1780051326,23465984
1780051331,23662592
1780051336,23662592
1780051341,23662592
1780051346,23662592
1780051351,23244800
1780051356,23244800
1780051361,23244800
1780051366,23244800
1780051371,23314432
1780051376,23314432
1780051381,23314432
1780051386,23523328
1780051391,23523328
1780051396,23523328
1780051401,23523328
1780051406,23429120
1780051411,23429120
1780051416,23429120
1780051421,23375872
1780051426,23375872
1780051431,23375872
1780051436,23375872
1780051441,23257088
1780051446,23257088
1780051451,23257088
1780051456,23027712
1780051461,23027712
1780051466,23027712
1780051471,23261184
1780051476,23261184
1780051481,23261184
1780051486,23314432
1780051491,23314432
1780051496,23314432
1780051501,23339008
1780051506,23339008
1780051511,23339008
1780051516,23203840
1780051521,23203840
1780051526,23203840
1780051531,23556096
1780051536,23556096
1780051541,23556096
1780051546,23556096
1780051551,23339008
1780051556,23339008
1780051561,23339008
1780051566,23486464
1780051571,23486464
1780051576,23486464
1780051581,23478272
1780051586,23478272
1780051591,23478272
1780051596,23302144
1780051601,23302144
1780051606,23302144
1780051611,23199744
1780051616,23199744
1780051621,23199744
1780051626,23199744
1780051631,23326720
1780051636,23326720
1780051641,23597056
1780051646,23597056
1780051651,23273472
1780051656,23273472
1780051661,23273472
1780051666,23273472
1780051671,23330816
1780051676,23330816
1780051681,23707648
1780051686,23707648
1780051691,24186880
1780051696,24186880
1780051701,24186880
1780051706,24186880
1780051711,23388160
1780051716,23388160
1780051721,23388160
1780051726,23580672
1780051731,23580672
1780051736,23580672
1780051741,23715840
1780051746,23715840
1780051751,23715840
1780051756,23564288
1780051761,23564288
1780051766,23437312
1780051771,23437312
1780051776,23437312
1780051781,23445504
1780051786,23445504
1780051791,23445504
1780051796,23445504
1780051801,23875584
1780051806,23875584
1780051811,23552000
1780051816,23552000
1780051821,23552000
1780051826,23265280
1780051831,23265280
1780051836,23265280
1780051841,23445504
1780051846,23445504
1780051851,23330816
1780051856,23330816
1780051861,23330816
1780051866,23330816
1780051871,23506944
1780051876,23506944
1780051881,23506944
1780051886,23371776
1780051891,23371776
1780051896,23371776
1780051901,23441408
1780051906,23441408
1780051911,23441408
1780051916,23441408
1780051921,23863296
1780051926,23863296
1780051931,23863296
1780051936,23863296
1780051936,23863296
1780051941,23715840
1780051946,23715840
1780051951,23527424
1780051956,23527424
1780051961,23617536
1780051966,23617536
1780051971,23617536
1780051976,23617536
1780051981,23322624
1780051986,23322624
1780051991,23322624
1780051996,23519232
1780052001,23519232
1780052006,23519232
1780052011,23519232
1780052016,23011328
1780052021,23011328
1780052026,23011328
1780052031,23343104
1780052036,23343104
1780052041,23343104
1780052046,23343104
1780052051,23396352
1780052056,23396352
1780052061,23465984
1780052066,23465984
1780052071,23465984
1780052076,23126016
1780052081,23126016
1780052086,23126016
1780052091,23126016
1780052096,23408640
1780052101,23408640
1780052106,23408640
1780052111,23408640
1780052116,23343104
1780052121,23343104
1780052126,23408640
1780052131,23408640
1780052136,23408640
1780052141,23408640
1780052146,23392256
1780052151,23392256
1780052156,23392256
1780052161,23511040
1780052166,23511040
1780052171,23511040
1780052176,23388160
1780052181,23388160
1780052186,23707648
1780052191,23707648
1780052196,23707648
1780052201,23707648
1780052206,23273472
1780052211,23273472
1780052216,23441408
1780052221,23441408
1780052226,23441408
1780052231,23441408
1780052236,23564288
1780052241,23564288
1780052246,23564288
1780052251,23719936
1780052256,23719936
1780052261,23719936
1780052266,23691264
1780052271,23691264
1780052276,23691264
1780052281,23117824
1780052286,23117824
1780052291,23547904
1780052296,23547904
1780052301,23547904
1780052306,23547904
1780052311,23908352
1780052316,23908352
1780052321,23654400
1780052326,23654400
1780052331,23654400
1780052336,23654400
1780052341,23437312
1780052346,23437312
1780052351,23437312
1780052356,23228416
1780052361,23228416
1780052366,23228416
1780052371,23228416
1780052376,23433216
1780052381,23433216
1780052386,23433216
1780052391,23494656
1780052396,23494656
1780052401,24047616
1780052406,24047616
1780052411,24047616
1780052416,23830528
1780052421,23830528
1780052426,23830528
1780052431,23531520
1780052436,23531520
1780052441,23531520
1780052446,23457792
1780052451,23457792
1780052456,23457792
1780052461,23457792
1780052466,23945216
1780052471,23945216
1780052476,23945216
1780052481,23605248
1780052486,23605248
1780052491,23785472
1780052496,23785472
1780052501,23785472
1780052506,23216128
1780052511,23216128
1780052516,23216128
1780052521,23216128
1780052526,23683072
1780052531,23683072
1780052536,23683072
1780052541,23654400
1780052546,23654400
1780052551,23572480
1780052556,23572480
1780052561,23572480
1780052566,23728128
1780052571,23728128
1780052576,23728128
1780052581,23728128
1780052586,23883776
1780052591,23883776
1780052596,23695360
1780052601,23695360
1780052606,23695360
1780052611,23695360
1780052616,23728128
1780052621,23728128
1780052626,23728128
1780052631,23855104
1780052636,23855104
1780052641,23855104
1780052646,24023040
1780052651,24023040
1780052656,24023040
1780052661,23691264
1780052666,23691264
1780052671,23691264
1780052676,23445504
1780052681,23445504
1780052686,23445504
1780052691,23666688
1780052696,23666688
1780052701,23666688
1780052706,23617536
1780052711,23617536
1780052716,23617536
1780052721,23715840
1780052726,23715840
1780052731,23326720
1780052736,23326720
1780052741,23326720
1780052746,23375872
1780052751,23375872
1780052756,23375872
1780052761,23375872
1780052766,23945216
1780052771,23945216
1780052776,23945216
1780052781,23584768
1780052786,23584768
1780052791,23584768
1780052796,23584768
1780052801,23511040
1780052806,23511040
1780052811,23511040
1780052816,23433216
1780052821,23433216
1780052826,24154112
1780052831,24154112
1780052836,24154112
1780052836,24154112
1780052841,24154112
1780052846,23605248
1780052851,23605248
1780052856,23605248
1780052861,23785472
1780052866,23785472
1780052871,23785472
1780052876,23785472
1780052881,23576576
1780052886,23576576
1780052891,23576576
1780052896,23576576
1780052901,24489984
1780052906,24489984
1780052911,24489984
1780052916,23597056
1780052921,23597056
1780052926,23597056
1780052931,23597056
1780052936,23711744
1780052941,23711744
1780052946,23711744
1780052951,23711744
1780052956,23576576
1780052961,23576576
1780052966,23789568
1780052971,23789568
1780052976,23789568
1780052981,23789568
1780052986,23994368
1780052991,23994368
1780052996,23994368
1780053001,23470080
1780053006,23470080
1780053011,23470080
1780053016,23478272
1780053021,23478272
1780053026,23478272
1780053031,23576576
1780053036,23576576
1780053041,23576576
1780053046,24379392
1780053051,24379392
1780053056,24379392
1780053061,23379968
1780053066,23379968
1780053071,23379968
1780053076,23670784
1780053081,23670784
1780053086,23670784
1780053091,23654400
1780053096,23654400
1780053101,23654400
1780053106,23633920
1780053111,23633920
1780053116,23633920
1780053121,23584768
1780053126,23584768
1780053131,23584768
1780053136,23678976
1780053141,23678976
1780053146,23760896
1780053151,23760896
1780053156,23760896
1780053161,23670784
1780053166,23670784
1780053171,23670784
1780053176,23670784
1780053181,23633920
1780053186,23633920
1780053191,23633920
1780053196,23896064
1780053201,23896064
1780053206,23896064
1780053211,23785472
1780053216,23785472
1780053221,23781376
1780053226,23781376
1780053231,23379968
1780053236,23379968
1780053241,23379968
1780053246,23388160
1780053251,23388160
1780053256,23388160
1780053261,23588864
1780053266,23588864
1780053271,23588864
1780053276,23576576
1780053281,23576576
1780053286,23576576
1780053291,23576576
1780053296,23662592
1780053301,23662592
1780053306,23412736
1780053311,23412736
1780053316,23412736
1780053321,23773184
1780053326,23773184
1780053331,23773184
1780053336,23773184
1780053341,23666688
1780053346,23666688
1780053351,23666688
1780053356,23666688
1780053361,23871488
1780053366,23871488
1780053371,23871488
1780053376,23400448
1780053381,23400448
1780053386,23400448
1780053391,23248896
1780053396,23248896
1780053401,23248896
1780053406,24178688
1780053411,24178688
1780053416,24178688
1780053421,23625728
1780053426,23625728
1780053431,23625728
1780053436,23625728
1780053441,23560192
1780053446,23560192
1780053451,23560192
1780053456,23519232
1780053461,23519232
1780053466,23519232
1780053471,23560192
1780053476,23560192
1780053481,23359488
1780053486,23359488
1780053491,23797760
1780053496,23797760
1780053501,23797760
1780053506,23797760
1780053511,23449600
1780053516,23449600
1780053521,23830528
1780053526,23830528
1780053531,23830528
1780053536,23830528
1780053541,23932928
1780053546,23932928
1780053551,23932928
1780053556,23920640
1780053561,23920640
1780053566,23920640
1780053571,23699456
1780053576,23699456
1780053581,23699456
1780053586,23699456
1780053591,23400448
1780053596,23400448
1780053601,24006656
1780053606,24006656
1780053611,23486464
1780053616,23486464
1780053621,23486464
1780053626,23486464
1780053631,23646208
1780053636,23646208
1780053641,23646208
1780053646,23732224
1780053651,23732224
1780053656,23732224
1780053661,23953408
1780053666,23953408
1780053671,23953408
1780053676,23465984
1780053681,23465984
1780053686,23465984
1780053691,24363008
1780053696,24363008
1780053701,23547904
1780053706,23547904
1780053711,23547904
1780053716,23547904
1780053721,23805952
1780053726,23805952
1780053731,23879680
1780053736,23879680
1780053736,23879680
