timestamp,value,label,missing,anomaly_score,fixed_threshold,fixed_pred,best_threshold,best_pred,best_range_pred
1780032771,0.033755567,0,0,0.33342913,2112.8167480468737,0,13.823183612823488,0,0
1780032776,0.0339722,0,0,0.35758257,2112.8167480468737,0,13.823183612823488,0,0
1780032781,0.0339722,0,0,0.37618467,2112.8167480468737,0,13.823183612823488,0,0
1780032786,0.033521157,0,0,0.16514511,2112.8167480468737,0,13.823183612823488,0,0
1780032791,0.033120736,0,0,0.057452153,2112.8167480468737,0,13.823183612823488,0,0
1780032796,0.033120736,0,0,0.060746625,2112.8167480468737,0,13.823183612823488,0,0
1780032801,0.027443565,0,0,0.45431358,2112.8167480468737,0,13.823183612823488,0,0
1780032806,0.03187067,0,0,-0.23114167,2112.8167480468737,0,13.823183612823488,0,0
1780032811,0.03187067,0,0,-0.2520673,2112.8167480468737,0,13.823183612823488,0,0
1780032816,0.03187067,0,0,-0.3123368,2112.8167480468737,0,13.823183612823488,0,0
1780032821,0.031296972,0,0,-0.3453281,2112.8167480468737,0,13.823183612823488,0,0
1780032826,0.031296972,0,0,-0.3744383,2112.8167480468737,0,13.823183612823488,0,0
1780032831,0.031010484,0,0,-0.3210548,2112.8167480468737,0,13.823183612823488,0,0
1780032836,0.031010484,0,0,-0.36155275,2112.8167480468737,0,13.823183612823488,0,0
1780032841,0.031365905,0,0,-0.3120161,2112.8167480468737,0,13.823183612823488,0,0
1780032846,0.031208143,0,0,-0.37001625,2112.8167480468737,0,13.823183612823488,0,0
1780032851,0.031208143,0,0,-0.30542997,2112.8167480468737,0,13.823183612823488,0,0
1780032856,0.030941565,0,0,-0.39957368,2112.8167480468737,0,13.823183612823488,0,0
1780032861,0.030941565,0,0,-0.4139429,2112.8167480468737,0,13.823183612823488,0,0
1780032866,0.031280562,0,0,-0.34536287,2112.8167480468737,0,13.823183612823488,0,0
1780032871,0.030989092,0,0,-0.28018165,2112.8167480468737,0,13.823183612823488,0,0
1780032876,0.030989092,0,0,-0.25649694,2112.8167480468737,0,13.823183612823488,0,0
1780032881,0.025282878,0,0,1.9818984,2112.8167480468737,0,13.823183612823488,0,0
1780032886,0.025605476,0,0,1.4734876,2112.8167480468737,0,13.823183612823488,0,0
1780032891,0.030631186,0,0,-0.24824901,2112.8167480468737,0,13.823183612823488,0,0
1780032896,0.030631186,0,0,-0.2622708,2112.8167480468737,0,13.823183612823488,0,0
1780032901,0.030462954,0,0,-0.2267529,2112.8167480468737,0,13.823183612823488,0,0
1780032906,0.030462954,0,0,-0.28837052,2112.8167480468737,0,13.823183612823488,0,0
1780032911,0.030462954,0,0,-0.2631572,2112.8167480468737,0,13.823183612823488,0,0
1780032916,0.030465221,0,0,-0.29458678,2112.8167480468737,0,13.823183612823488,0,0
1780032921,0.031148955,0,0,-0.31167552,2112.8167480468737,0,13.823183612823488,0,0
1780032926,0.031148955,0,0,-0.31430492,2112.8167480468737,0,13.823183612823488,0,0
1780032931,0.026053593,0,0,1.0525343,2112.8167480468737,0,13.823183612823488,0,0
1780032936,0.031174734,0,0,-0.31656957,2112.8167480468737,0,13.823183612823488,0,0
1780032941,0.031418897,0,0,-0.2451033,2112.8167480468737,0,13.823183612823488,0,0
1780032946,0.031418897,0,0,-0.2700991,2112.8167480468737,0,13.823183612823488,0,0
1780032951,0.031981632,0,0,-0.21963872,2112.8167480468737,0,13.823183612823488,0,0
1780032956,0.027349891,0,0,0.38541248,2112.8167480468737,0,13.823183612823488,0,0
1780032961,0.025448833,0,0,1.5307037,2112.8167480468737,0,13.823183612823488,0,0
1780032966,0.03128154,0,0,-0.24211124,2112.8167480468737,0,13.823183612823488,0,0
1780032971,0.03166624,0,0,-0.18527398,2112.8167480468737,0,13.823183612823488,0,0
1780032976,0.03166624,0,0,-0.18472579,2112.8167480468737,0,13.823183612823488,0,0
1780032981,0.02722373,0,0,0.5152884,2112.8167480468737,0,13.823183612823488,0,0
1780032986,0.032971647,0,0,0.011801785,2112.8167480468737,0,13.823183612823488,0,0
1780032991,0.033091925,0,0,0.07366107,2112.8167480468737,0,13.823183612823488,0,0
1780032996,0.033091925,0,0,0.0638653,2112.8167480468737,0,13.823183612823488,0,0
1780033001,0.029378993,0,0,-0.07191971,2112.8167480468737,0,13.823183612823488,0,0
1780033006,0.033190064,0,0,0.0822524,2112.8167480468737,0,13.823183612823488,0,0
1780033011,0.033190064,0,0,0.10699635,2112.8167480468737,0,13.823183612823488,0,0
1780033016,0.0323736,0,0,-0.1216043,2112.8167480468737,0,13.823183612823488,0,0
1780033021,0.03220951,0,0,-0.099058926,2112.8167480468737,0,13.823183612823488,0,0
1780033026,0.03220951,0,0,-0.08207107,2112.8167480468737,0,13.823183612823488,0,0
1780033031,0.030187936,0,0,-0.21224266,2112.8167480468737,0,13.823183612823488,0,0
1780033036,0.030187936,0,0,-0.13872094,2112.8167480468737,0,13.823183612823488,0,0
1780033041,0.030187936,0,0,-0.10886271,2112.8167480468737,0,13.823183612823488,0,0
1780033046,0.030034853,0,0,-0.12590809,2112.8167480468737,0,13.823183612823488,0,0
1780033051,0.030034853,0,0,-0.07229191,2112.8167480468737,0,13.823183612823488,0,0
1780033056,0.030034853,0,0,-0.1324049,2112.8167480468737,0,13.823183612823488,0,0
1780033061,0.030683644,0,0,-0.13799626,2112.8167480468737,0,13.823183612823488,0,0
1780033066,0.031101784,0,0,-0.12249174,2112.8167480468737,0,13.823183612823488,0,0
1780033071,0.031101784,0,0,-0.18133657,2112.8167480468737,0,13.823183612823488,0,0
1780033076,0.030959658,0,0,-0.2580007,2112.8167480468737,0,13.823183612823488,0,0
1780033081,0.030959658,0,0,-0.14817435,2112.8167480468737,0,13.823183612823488,0,0
1780033086,0.031103747,0,0,-0.12131654,2112.8167480468737,0,13.823183612823488,0,0
1780033091,0.027153064,0,0,0.5904053,2112.8167480468737,0,13.823183612823488,0,0
1780033096,0.0313145,0,0,-0.058641586,2112.8167480468737,0,13.823183612823488,0,0
1780033101,0.031081662,0,0,-0.024812378,2112.8167480468737,0,13.823183612823488,0,0
1780033106,0.030537663,0,0,-0.05518872,2112.8167480468737,0,13.823183612823488,0,0
1780033111,0.030537663,0,0,-0.11336232,2112.8167480468737,0,13.823183612823488,0,0
1780033116,0.030656317,0,0,-0.05080766,2112.8167480468737,0,13.823183612823488,0,0
1780033121,0.031018754,0,0,-0.08920534,2112.8167480468737,0,13.823183612823488,0,0
1780033126,0.03086626,0,0,-0.039342217,2112.8167480468737,0,13.823183612823488,0,0
1780033131,0.03086626,0,0,-0.10116265,2112.8167480468737,0,13.823183612823488,0,0
1780033136,0.03065656,0,0,-0.064870834,2112.8167480468737,0,13.823183612823488,0,0
1780033141,0.026313802,0,0,0.94479233,2112.8167480468737,0,13.823183612823488,0,0
1780033146,0.025813598,0,0,1.136855,2112.8167480468737,0,13.823183612823488,0,0
1780033151,0.029949354,0,0,-0.0962644,2112.8167480468737,0,13.823183612823488,0,0
1780033156,0.025872998,0,0,1.0585339,2112.8167480468737,0,13.823183612823488,0,0
1780033161,0.030666444,0,0,0.014020261,2112.8167480468737,0,13.823183612823488,0,0
1780033166,0.030666444,0,0,-0.05809236,2112.8167480468737,0,13.823183612823488,0,0
1780033171,0.030666444,0,0,-0.17680982,2112.8167480468737,0,13.823183612823488,0,0
1780033176,0.030782087,0,0,-0.114246175,2112.8167480468737,0,13.823183612823488,0,0
1780033181,0.029677102,0,0,-0.059064332,2112.8167480468737,0,13.823183612823488,0,0
1780033186,0.030055027,0,0,-0.15040074,2112.8167480468737,0,13.823183612823488,0,0
1780033191,0.030055027,0,0,-0.13505699,2112.8167480468737,0,13.823183612823488,0,0
1780033196,0.030274894,0,0,-0.082534485,2112.8167480468737,0,13.823183612823488,0,0
1780033201,0.030274894,0,0,-0.103956625,2112.8167480468737,0,13.823183612823488,0,0
1780033206,0.029097835,0,0,0.018435733,2112.8167480468737,0,13.823183612823488,0,0
1780033211,0.029097835,0,0,0.041420445,2112.8167480468737,0,13.823183612823488,0,0
1780033216,0.031747527,0,0,-0.070324115,2112.8167480468737,0,13.823183612823488,0,0
1780033221,0.033992477,0,0,0.28791058,2112.8167480468737,0,13.823183612823488,0,0
1780033226,0.033196036,0,0,0.12077641,2112.8167480468737,0,13.823183612823488,0,0
1780033231,0.033196036,0,0,0.16282505,2112.8167480468737,0,13.823183612823488,0,0
1780033236,0.033196036,0,0,0.106801935,2112.8167480468737,0,13.823183612823488,0,0
1780033241,0.034276325,0,0,0.4012104,2112.8167480468737,0,13.823183612823488,0,0
1780033246,0.034276325,0,0,0.4437513,2112.8167480468737,0,13.823183612823488,0,0
1780033251,0.034276325,0,0,0.3852424,2112.8167480468737,0,13.823183612823488,0,0
1780033256,0.02687859,0,0,0.80284536,2112.8167480468737,0,13.823183612823488,0,0
1780033261,0.03343397,0,0,0.10884747,2112.8167480468737,0,13.823183612823488,0,0
1780033266,0.03343397,0,0,0.11427515,2112.8167480468737,0,13.823183612823488,0,0
1780033271,0.032979026,0,0,-0.0053531914,2112.8167480468737,0,13.823183612823488,0,0
1780033276,0.03356509,0,0,0.14066319,2112.8167480468737,0,13.823183612823488,0,0
1780033281,0.032858808,0,0,-0.0630685,2112.8167480468737,0,13.823183612823488,0,0
1780033286,0.032380328,0,0,-0.14231189,2112.8167480468737,0,13.823183612823488,0,0
1780033291,0.031892173,0,0,-0.18938416,2112.8167480468737,0,13.823183612823488,0,0
1780033296,0.031892173,0,0,-0.21170394,2112.8167480468737,0,13.823183612823488,0,0
1780033301,0.030802123,0,0,-0.26172528,2112.8167480468737,0,13.823183612823488,0,0
1780033306,0.03122874,0,0,-0.27061936,2112.8167480468737,0,13.823183612823488,0,0
1780033311,0.03122874,0,0,-0.26475486,2112.8167480468737,0,13.823183612823488,0,0
1780033316,0.030983824,0,0,-0.2066016,2112.8167480468737,0,13.823183612823488,0,0
1780033321,0.025059372,0,0,1.9113667,2112.8167480468737,0,13.823183612823488,0,0
1780033326,0.031166386,0,0,-0.2173138,2112.8167480468737,0,13.823183612823488,0,0
1780033331,0.03146189,0,0,-0.22875792,2112.8167480468737,0,13.823183612823488,0,0
1780033336,0.032578703,0,0,-0.07133316,2112.8167480468737,0,13.823183612823488,0,0
1780033341,0.03319288,0,0,0.06651904,2112.8167480468737,0,13.823183612823488,0,0
1780033346,0.03319288,0,0,0.008269708,2112.8167480468737,0,13.823183612823488,0,0
1780033351,0.033911,0,0,0.20581836,2112.8167480468737,0,13.823183612823488,0,0
1780033356,0.033911,0,0,0.26618657,2112.8167480468737,0,13.823183612823488,0,0
1780033361,0.033911,0,0,0.32543722,2112.8167480468737,0,13.823183612823488,0,0
1780033366,0.02855088,0,0,0.12638576,2112.8167480468737,0,13.823183612823488,0,0
1780033371,0.034749284,0,0,0.6717165,2112.8167480468737,0,13.823183612823488,0,0
1780033376,0.034749284,0,0,0.6630205,2112.8167480468737,0,13.823183612823488,0,0
1780033381,0.034635685,0,0,0.61591125,2112.8167480468737,0,13.823183612823488,0,0
1780033386,0.03406475,0,0,0.29299188,2112.8167480468737,0,13.823183612823488,0,0
1780033391,0.03406475,0,0,0.32160395,2112.8167480468737,0,13.823183612823488,0,0
1780033396,0.03371505,0,0,0.27122137,2112.8167480468737,0,13.823183612823488,0,0
1780033401,0.03321106,0,0,-0.016084926,2112.8167480468737,0,13.823183612823488,0,0
1780033406,0.03321106,0,0,0.030016627,2112.8167480468737,0,13.823183612823488,0,0
1780033411,0.032171804,0,0,-0.24561547,2112.8167480468737,0,13.823183612823488,0,0
1780033416,0.032171804,0,0,-0.27124828,2112.8167480468737,0,13.823183612823488,0,0
1780033421,0.032171804,0,0,-0.26661932,2112.8167480468737,0,13.823183612823488,0,0
1780033426,0.02540898,0,0,1.8272893,2112.8167480468737,0,13.823183612823488,0,0
1780033431,0.031906635,0,0,-0.20263574,2112.8167480468737,0,13.823183612823488,0,0
1780033436,0.031906635,0,0,-0.33332655,2112.8167480468737,0,13.823183612823488,0,0
1780033441,0.03087471,0,0,-0.37807184,2112.8167480468737,0,13.823183612823488,0,0
1780033446,0.03087471,0,0,-0.40234837,2112.8167480468737,0,13.823183612823488,0,0
1780033451,0.03057704,0,0,-0.25036213,2112.8167480468737,0,13.823183612823488,0,0
1780033456,0.03057704,0,0,-0.26783592,2112.8167480468737,0,13.823183612823488,0,0
1780033461,0.031120244,0,0,-0.23861098,2112.8167480468737,0,13.823183612823488,0,0
1780033466,0.03132138,0,0,-0.3144569,2112.8167480468737,0,13.823183612823488,0,0
1780033471,0.024635887,0,0,2.2471294,2112.8167480468737,0,13.823183612823488,0,0
1780033476,0.03049652,0,0,-0.26940227,2112.8167480468737,0,13.823183612823488,0,0
1780033481,0.03049652,0,0,-0.2828616,2112.8167480468737,0,13.823183612823488,0,0
1780033486,0.03049652,0,0,-0.27554947,2112.8167480468737,0,13.823183612823488,0,0
1780033491,0.031021705,0,0,-0.21623799,2112.8167480468737,0,13.823183612823488,0,0
1780033496,0.031021705,0,0,-0.25052303,2112.8167480468737,0,13.823183612823488,0,0
1780033501,0.031486813,0,0,-0.2746973,2112.8167480468737,0,13.823183612823488,0,0
1780033506,0.025816215,0,0,1.1409843,2112.8167480468737,0,13.823183612823488,0,0
1780033511,0.031786907,0,0,-0.16098897,2112.8167480468737,0,13.823183612823488,0,0
1780033516,0.031786907,0,0,-0.21178031,2112.8167480468737,0,13.823183612823488,0,0
1780033521,0.031786907,0,0,-0.17101446,2112.8167480468737,0,13.823183612823488,0,0
1780033526,0.031809937,0,0,-0.173727,2112.8167480468737,0,13.823183612823488,0,0
1780033531,0.031809937,0,0,-0.21430025,2112.8167480468737,0,13.823183612823488,0,0
1780033536,0.032245062,0,0,-0.13091111,2112.8167480468737,0,13.823183612823488,0,0
1780033541,0.031537026,0,0,-0.21599238,2112.8167480468737,0,13.823183612823488,0,0
1780033546,0.031537026,0,0,-0.25052577,2112.8167480468737,0,13.823183612823488,0,0
1780033551,0.030976802,0,0,-0.20146729,2112.8167480468737,0,13.823183612823488,0,0
1780033556,0.03150948,0,0,-0.22673254,2112.8167480468737,0,13.823183612823488,0,0
1780033561,0.03150948,0,0,-0.18978322,2112.8167480468737,0,13.823183612823488,0,0
1780033566,0.031710904,0,0,-0.16679828,2112.8167480468737,0,13.823183612823488,0,0
1780033571,0.031678513,0,0,-0.16044387,2112.8167480468737,0,13.823183612823488,0,0
1780033576,0.031374954,0,0,-0.19387408,2112.8167480468737,0,13.823183612823488,0,0
1780033581,0.031374954,0,0,-0.20476675,2112.8167480468737,0,13.823183612823488,0,0
1780033586,0.023586534,0,0,2.6599138,2112.8167480468737,0,13.823183612823488,0,0
1780033591,0.031128418,0,0,-0.14390033,2112.8167480468737,0,13.823183612823488,0,0
1780033596,0.031128418,0,0,-0.15614887,2112.8167480468737,0,13.823183612823488,0,0
1780033601,0.030526074,0,0,-0.14609894,2112.8167480468737,0,13.823183612823488,0,0
1780033606,0.03001206,0,0,-0.0982841,2112.8167480468737,0,13.823183612823488,0,0
1780033611,0.03001206,0,0,-0.088567786,2112.8167480468737,0,13.823183612823488,0,0
1780033616,0.029319886,0,0,0.0077249026,2112.8167480468737,0,13.823183612823488,0,0
1780033621,0.029191915,0,0,0.02698075,2112.8167480468737,0,13.823183612823488,0,0
1780033626,0.02891341,0,0,0.029443743,2112.8167480468737,0,13.823183612823488,0,0
1780033631,0.029723248,0,0,-0.053933155,2112.8167480468737,0,13.823183612823488,0,0
1780033636,0.029889656,0,0,-0.08989652,2112.8167480468737,0,13.823183612823488,0,0
1780033641,0.029889656,0,0,-0.081212156,2112.8167480468737,0,13.823183612823488,0,0
1780033646,0.030326117,0,0,-0.08089609,2112.8167480468737,0,13.823183612823488,0,0
1780033651,0.030851154,0,0,-0.15129313,2112.8167480468737,0,13.823183612823488,0,0
1780033656,0.030851154,0,0,-0.16276996,2112.8167480468737,0,13.823183612823488,0,0
1780033661,0.03091746,0,0,-0.13519539,2112.8167480468737,0,13.823183612823488,0,0
1780033666,0.031803925,0,0,-0.09190095,2112.8167480468737,0,13.823183612823488,0,0
1780033671,0.031803925,0,0,-0.086523846,2112.8167480468737,0,13.823183612823488,0,0
1780033676,0.02606844,0,0,0.8894162,2112.8167480468737,0,13.823183612823488,0,0
1780033681,0.032738186,0,0,0.1045323,2112.8167480468737,0,13.823183612823488,0,0
1780033686,0.032738186,0,0,0.06801842,2112.8167480468737,0,13.823183612823488,0,0
1780033691,0.033437185,0,0,0.21486354,2112.8167480468737,0,13.823183612823488,0,0
1780033696,0.03248991,0,0,-0.02391055,2112.8167480468737,0,13.823183612823488,0,0
1780033701,0.03248991,0,0,-0.056466218,2112.8167480468737,0,13.823183612823488,0,0
1780033706,0.032978933,0,0,0.004154096,2112.8167480468737,0,13.823183612823488,0,0
1780033711,0.0324264,0,0,-0.08218726,2112.8167480468737,0,13.823183612823488,0,0
1780033716,0.0324264,0,0,-0.022605153,2112.8167480468737,0,13.823183612823488,0,0
1780033721,0.03098822,0,0,-0.068259835,2112.8167480468737,0,13.823183612823488,0,0
1780033726,0.03098822,0,0,-0.10261507,2112.8167480468737,0,13.823183612823488,0,0
1780033731,0.031992428,0,0,-0.1255853,2112.8167480468737,0,13.823183612823488,0,0
1780033736,0.031992428,0,0,-0.10510232,2112.8167480468737,0,13.823183612823488,0,0
1780033741,0.03259301,0,0,-0.014389826,2112.8167480468737,0,13.823183612823488,0,0
1780033746,0.033080634,0,0,0.11425123,2112.8167480468737,0,13.823183612823488,0,0
1780033751,0.033080634,0,0,0.03692877,2112.8167480468737,0,13.823183612823488,0,0
1780033756,0.034019228,0,0,0.2503931,2112.8167480468737,0,13.823183612823488,0,0
1780033761,0.034019228,0,0,0.26956835,2112.8167480468737,0,13.823183612823488,0,0
1780033766,0.034019228,0,0,0.29097167,2112.8167480468737,0,13.823183612823488,0,0
1780033771,0.027587993,0,0,0.4164138,2112.8167480468737,0,13.823183612823488,0,0
1780033776,0.03327942,0,0,0.048687413,2112.8167480468737,0,13.823183612823488,0,0
1780033781,0.03327942,0,0,0.13145319,2112.8167480468737,0,13.823183612823488,0,0
1780033786,0.026763218,0,0,0.73240787,2112.8167480468737,0,13.823183612823488,0,0
1780033791,0.03234422,0,0,-0.05763992,2112.8167480468737,0,13.823183612823488,0,0
1780033796,0.03234422,0,0,-0.05143597,2112.8167480468737,0,13.823183612823488,0,0
1780033801,0.03208727,0,0,-0.109359026,2112.8167480468737,0,13.823183612823488,0,0
1780033806,0.031432603,0,0,-0.041308623,2112.8167480468737,0,13.823183612823488,0,0
1780033811,0.031432603,0,0,-0.11171721,2112.8167480468737,0,13.823183612823488,0,0
1780033816,0.025935704,0,0,1.1987911,2112.8167480468737,0,13.823183612823488,0,0
1780033821,0.031371187,0,0,-0.03960622,2112.8167480468737,0,13.823183612823488,0,0
1780033826,0.031371187,0,0,-0.14536025,2112.8167480468737,0,13.823183612823488,0,0
1780033831,0.031123549,0,0,-0.0059755933,2112.8167480468737,0,13.823183612823488,0,0
1780033836,0.03047015,0,0,-0.06252723,2112.8167480468737,0,13.823183612823488,0,0
1780033841,0.03047015,0,0,-0.03978313,2112.8167480468737,0,13.823183612823488,0,0
1780033846,0.03047015,0,0,-0.09331434,2112.8167480468737,0,13.823183612823488,0,0
1780033851,0.030261101,0,0,-0.084345505,2112.8167480468737,0,13.823183612823488,0,0
1780033856,0.031868264,0,0,-0.050506722,2112.8167480468737,0,13.823183612823488,0,0
1780033861,0.032251276,0,0,-0.07154612,2112.8167480468737,0,13.823183612823488,0,0
1780033866,0.032251276,0,0,-0.07668704,2112.8167480468737,0,13.823183612823488,0,0
1780033871,0.032251276,0,0,-0.108796395,2112.8167480468737,0,13.823183612823488,0,0
1780033876,0.032048512,0,0,-0.08076087,2112.8167480468737,0,13.823183612823488,0,0
1780033881,0.03331684,0,0,0.07356639,2112.8167480468737,0,13.823183612823488,0,0
1780033886,0.03331684,0,0,0.042471524,2112.8167480468737,0,13.823183612823488,0,0
1780033891,0.03226596,0,0,-0.15249646,2112.8167480468737,0,13.823183612823488,0,0
1780033896,0.025601078,0,0,1.2733145,2112.8167480468737,0,13.823183612823488,0,0
1780033901,0.030668542,0,0,-0.22433159,2112.8167480468737,0,13.823183612823488,0,0
1780033906,0.029420378,0,0,-0.05697761,2112.8167480468737,0,13.823183612823488,0,0
1780033911,0.029420378,0,0,-0.045229957,2112.8167480468737,0,13.823183612823488,0,0
1780033916,0.028078517,0,0,0.25388858,2112.8167480468737,0,13.823183612823488,0,0
1780033921,0.028078517,0,0,0.27851796,2112.8167480468737,0,13.823183612823488,0,0
1780033926,0.029378276,0,0,-0.00410194,2112.8167480468737,0,13.823183612823488,0,0
1780033931,0.029378276,0,0,-0.02977151,2112.8167480468737,0,13.823183612823488,0,0
1780033936,0.02942156,0,0,-0.020954642,2112.8167480468737,0,13.823183612823488,0,0
1780033941,0.029912306,0,0,-0.12387833,2112.8167480468737,0,13.823183612823488,0,0
1780033946,0.029912306,0,0,-0.04191266,2112.8167480468737,0,13.823183612823488,0,0
1780033951,0.03132169,0,0,-0.14728819,2112.8167480468737,0,13.823183612823488,0,0
1780033956,0.03132169,0,0,-0.08703328,2112.8167480468737,0,13.823183612823488,0,0
1780033961,0.031005718,0,0,-0.19671674,2112.8167480468737,0,13.823183612823488,0,0
1780033966,0.030679703,0,0,-0.16960073,2112.8167480468737,0,13.823183612823488,0,0
1780033971,0.030679703,0,0,-0.1924779,2112.8167480468737,0,13.823183612823488,0,0
1780033976,0.030804336,0,0,-0.1379453,2112.8167480468737,0,13.823183612823488,0,0
1780033981,0.030804336,0,0,-0.25283387,2112.8167480468737,0,13.823183612823488,0,0
1780033986,0.03193688,0,0,-0.098395586,2112.8167480468737,0,13.823183612823488,0,0
1780033991,0.03193688,0,0,-0.08946593,2112.8167480468737,0,13.823183612823488,0,0
1780033996,0.03193688,0,0,-0.16580747,2112.8167480468737,0,13.823183612823488,0,0
1780034001,0.02099505,0,0,4.83025,2112.8167480468737,0,13.823183612823488,0,0
1780034006,0.031762697,0,0,-0.06041188,2112.8167480468737,0,13.823183612823488,0,0
1780034011,0.031762697,0,0,-0.18284759,2112.8167480468737,0,13.823183612823488,0,0
1780034016,0.03139972,0,0,-0.24781053,2112.8167480468737,0,13.823183612823488,0,0
1780034021,0.03146558,0,0,-0.20653065,2112.8167480468737,0,13.823183612823488,0,0
1780034026,0.03146558,0,0,-0.24039382,2112.8167480468737,0,13.823183612823488,0,0
1780034031,0.031328067,0,0,-0.27034435,2112.8167480468737,0,13.823183612823488,0,0
1780034036,0.030280184,0,0,-0.12810084,2112.8167480468737,0,13.823183612823488,0,0
1780034041,0.030280184,0,0,-0.16659696,2112.8167480468737,0,13.823183612823488,0,0
1780034046,0.02689207,0,0,0.72911334,2112.8167480468737,0,13.823183612823488,0,0
1780034051,0.032280166,0,0,-0.12750079,2112.8167480468737,0,13.823183612823488,0,0
1780034056,0.027923958,0,0,0.3201257,2112.8167480468737,0,13.823183612823488,0,0
1780034061,0.03184667,0,0,-0.09184796,2112.8167480468737,0,13.823183612823488,0,0
1780034066,0.03236092,0,0,-0.09833688,2112.8167480468737,0,13.823183612823488,0,0
1780034071,0.03236092,0,0,-0.09399275,2112.8167480468737,0,13.823183612823488,0,0
1780034076,0.03245836,0,0,-0.08624521,2112.8167480468737,0,13.823183612823488,0,0
1780034081,0.03245836,0,0,-0.06670176,2112.8167480468737,0,13.823183612823488,0,0
1780034086,0.03245836,0,0,-0.13419443,2112.8167480468737,0,13.823183612823488,0,0
1780034091,0.031897217,0,0,-0.11249674,2112.8167480468737,0,13.823183612823488,0,0
1780034096,0.031897217,0,0,-0.11886506,2112.8167480468737,0,13.823183612823488,0,0
1780034101,0.031897217,0,0,-0.13723382,2112.8167480468737,0,13.823183612823488,0,0
1780034106,0.033048745,0,0,0.00827647,2112.8167480468737,0,13.823183612823488,0,0
1780034111,0.033048745,0,0,0.030527811,2112.8167480468737,0,13.823183612823488,0,0
1780034116,0.033048745,0,0,0.019166201,2112.8167480468737,0,13.823183612823488,0,0
1780034121,0.033336643,0,0,0.064334616,2112.8167480468737,0,13.823183612823488,0,0
1780034126,0.033336643,0,0,0.050948158,2112.8167480468737,0,13.823183612823488,0,0
1780034131,0.033336643,0,0,0.12675159,2112.8167480468737,0,13.823183612823488,0,0
1780034136,0.03306582,0,0,0.035569586,2112.8167480468737,0,13.823183612823488,0,0
1780034141,0.03306582,0,0,0.013460315,2112.8167480468737,0,13.823183612823488,0,0
1780034146,0.03306582,0,0,0.01477988,2112.8167480468737,0,13.823183612823488,0,0
1780034151,0.03250789,0,0,-0.10282249,2112.8167480468737,0,13.823183612823488,0,0
1780034156,0.032952473,0,0,-0.055075917,2112.8167480468737,0,13.823183612823488,0,0
1780034161,0.032952473,0,0,-0.07527635,2112.8167480468737,0,13.823183612823488,0,0
1780034166,0.03234069,0,0,-0.16375068,2112.8167480468737,0,13.823183612823488,0,0
1780034171,0.03234069,0,0,-0.1405892,2112.8167480468737,0,13.823183612823488,0,0
1780034176,0.03234069,0,0,-0.14235076,2112.8167480468737,0,13.823183612823488,0,0
1780034181,0.02741984,0,0,0.55946577,2112.8167480468737,0,13.823183612823488,0,0
1780034186,0.03266102,0,0,-0.08668684,2112.8167480468737,0,13.823183612823488,0,0
1780034191,0.03266102,0,0,-0.12442942,2112.8167480468737,0,13.823183612823488,0,0
1780034196,0.03205733,0,0,-0.15323389,2112.8167480468737,0,13.823183612823488,0,0
1780034201,0.031903774,0,0,-0.19027704,2112.8167480468737,0,13.823183612823488,0,0
1780034206,0.031903774,0,0,-0.1495693,2112.8167480468737,0,13.823183612823488,0,0
1780034211,0.031903774,0,0,-0.17490828,2112.8167480468737,0,13.823183612823488,0,0
1780034216,0.03295891,0,0,-0.031425398,2112.8167480468737,0,13.823183612823488,0,0
1780034221,0.03295891,0,0,0.0021746783,2112.8167480468737,0,13.823183612823488,0,0
1780034226,0.032590315,0,0,-0.10426597,2112.8167480468737,0,13.823183612823488,0,0
1780034231,0.03238199,0,0,-0.14972547,2112.8167480468737,0,13.823183612823488,0,0
1780034236,0.03238199,0,0,-0.110886484,2112.8167480468737,0,13.823183612823488,0,0
1780034241,0.03238199,0,0,-0.10957093,2112.8167480468737,0,13.823183612823488,0,0
1780034246,0.02714478,0,0,0.6214879,2112.8167480468737,0,13.823183612823488,0,0
1780034251,0.032654345,0,0,-0.045428302,2112.8167480468737,0,13.823183612823488,0,0
1780034256,0.032654345,0,0,-0.05043644,2112.8167480468737,0,13.823183612823488,0,0
1780034261,0.032254603,0,0,-0.11786,2112.8167480468737,0,13.823183612823488,0,0
1780034266,0.03216368,0,0,-0.095524415,2112.8167480468737,0,13.823183612823488,0,0
1780034271,0.03216368,0,0,-0.14485905,2112.8167480468737,0,13.823183612823488,0,0
1780034276,0.032252774,0,0,-0.051283866,2112.8167480468737,0,13.823183612823488,0,0
1780034281,0.032376133,0,0,-0.15009442,2112.8167480468737,0,13.823183612823488,0,0
1780034286,0.032376133,0,0,-0.14182003,2112.8167480468737,0,13.823183612823488,0,0
1780034291,0.03231053,0,0,-0.151194,2112.8167480468737,0,13.823183612823488,0,0
1780034296,0.032622725,0,0,-0.11800745,2112.8167480468737,0,13.823183612823488,0,0
1780034301,0.032622725,0,0,-0.11928902,2112.8167480468737,0,13.823183612823488,0,0
1780034306,0.032729276,0,0,-0.06602956,2112.8167480468737,0,13.823183612823488,0,0
1780034311,0.033006582,0,0,-0.037114676,2112.8167480468737,0,13.823183612823488,0,0
1780034316,0.033006582,0,0,0.011784207,2112.8167480468737,0,13.823183612823488,0,0
1780034321,0.028197892,0,0,0.2714513,2112.8167480468737,0,13.823183612823488,0,0
1780034326,0.032993294,0,0,-0.040299267,2112.8167480468737,0,13.823183612823488,0,0
1780034331,0.032993294,0,0,-0.013539318,2112.8167480468737,0,13.823183612823488,0,0
1780034336,0.032993294,0,0,-0.029823225,2112.8167480468737,0,13.823183612823488,0,0
1780034341,0.026649525,0,0,1.0067432,2112.8167480468737,0,13.823183612823488,0,0
1780034346,0.03320094,0,0,0.06355516,2112.8167480468737,0,13.823183612823488,0,0
1780034351,0.03320094,0,0,0.024310619,2112.8167480468737,0,13.823183612823488,0,0
1780034356,0.033102944,0,0,0.015405418,2112.8167480468737,0,13.823183612823488,0,0
1780034361,0.033102944,0,0,0.020452542,2112.8167480468737,0,13.823183612823488,0,0
1780034366,0.033381317,0,0,0.059494603,2112.8167480468737,0,13.823183612823488,0,0
1780034371,0.027455855,0,0,0.5030034,2112.8167480468737,0,13.823183612823488,0,0
1780034376,0.0325727,0,0,-0.09589463,2112.8167480468737,0,13.823183612823488,0,0
1780034381,0.0325727,0,0,-0.06442037,2112.8167480468737,0,13.823183612823488,0,0
1780034386,0.032235097,0,0,-0.17920549,2112.8167480468737,0,13.823183612823488,0,0
1780034391,0.032235097,0,0,-0.16650648,2112.8167480468737,0,13.823183612823488,0,0
1780034396,0.032235097,0,0,-0.20297247,2112.8167480468737,0,13.823183612823488,0,0
1780034401,0.032235097,0,0,-0.12924255,2112.8167480468737,0,13.823183612823488,0,0
1780034406,0.031429216,0,0,-0.18169522,2112.8167480468737,0,13.823183612823488,0,0
1780034411,0.031429216,0,0,-0.21325606,2112.8167480468737,0,13.823183612823488,0,0
1780034416,0.031517062,0,0,-0.15948977,2112.8167480468737,0,13.823183612823488,0,0
1780034421,0.031877194,0,0,-0.11440684,2112.8167480468737,0,13.823183612823488,0,0
1780034426,0.031877194,0,0,-0.14012419,2112.8167480468737,0,13.823183612823488,0,0
1780034431,0.03090968,0,0,-0.12945764,2112.8167480468737,0,13.823183612823488,0,0
1780034436,0.030179933,0,0,-0.17638314,2112.8167480468737,0,13.823183612823488,0,0
1780034441,0.030179933,0,0,-0.099533856,2112.8167480468737,0,13.823183612823488,0,0
1780034446,0.025520084,0,0,1.3016826,2112.8167480468737,0,13.823183612823488,0,0
1780034451,0.030914389,0,0,-0.06538976,2112.8167480468737,0,13.823183612823488,0,0
1780034456,0.031131279,0,0,-0.12322626,2112.8167480468737,0,13.823183612823488,0,0
1780034461,0.031131279,0,0,-0.100806475,2112.8167480468737,0,13.823183612823488,0,0
1780034466,0.03060249,0,0,-0.09054061,2112.8167480468737,0,13.823183612823488,0,0
1780034471,0.030936895,0,0,-0.14298335,2112.8167480468737,0,13.823183612823488,0,0
1780034476,0.030936895,0,0,-0.095799334,2112.8167480468737,0,13.823183612823488,0,0
1780034481,0.027788866,0,0,0.33743796,2112.8167480468737,0,13.823183612823488,0,0
1780034486,0.031620312,0,0,-0.15610486,2112.8167480468737,0,13.823183612823488,0,0
1780034491,0.03140888,0,0,-0.10213841,2112.8167480468737,0,13.823183612823488,0,0
1780034496,0.03140888,0,0,-0.10691631,2112.8167480468737,0,13.823183612823488,0,0
1780034501,0.026479952,0,0,0.9573889,2112.8167480468737,0,13.823183612823488,0,0
1780034506,0.03131457,0,0,-0.002815483,2112.8167480468737,0,13.823183612823488,0,0
1780034511,0.03131457,0,0,-0.1050114,2112.8167480468737,0,13.823183612823488,0,0
1780034516,0.03106021,0,0,-0.08411129,2112.8167480468737,0,13.823183612823488,0,0
1780034521,0.031020217,0,0,-0.06932534,2112.8167480468737,0,13.823183612823488,0,0
1780034526,0.031020217,0,0,-0.083252415,2112.8167480468737,0,13.823183612823488,0,0
1780034531,0.031243945,0,0,-0.027966103,2112.8167480468737,0,13.823183612823488,0,0
1780034536,0.032125317,0,0,0.057504334,2112.8167480468737,0,13.823183612823488,0,0
1780034541,0.032125317,0,0,0.059601758,2112.8167480468737,0,13.823183612823488,0,0
1780034546,0.027236743,0,0,0.49182454,2112.8167480468737,0,13.823183612823488,0,0
1780034551,0.032577645,0,0,0.09773667,2112.8167480468737,0,13.823183612823488,0,0
1780034556,0.032577645,0,0,-0.0016452316,2112.8167480468737,0,13.823183612823488,0,0
1780034561,0.03266115,0,0,0.034204617,2112.8167480468737,0,13.823183612823488,0,0
1780034566,0.033191245,0,0,0.10129977,2112.8167480468737,0,13.823183612823488,0,0
1780034571,0.033191245,0,0,0.10875375,2112.8167480468737,0,13.823183612823488,0,0
1780034576,0.033045698,0,0,0.17294057,2112.8167480468737,0,13.823183612823488,0,0
1780034581,0.032741427,0,0,0.038304534,2112.8167480468737,0,13.823183612823488,0,0
1780034586,0.032741427,0,0,0.0757598,2112.8167480468737,0,13.823183612823488,0,0
1780034591,0.032741427,0,0,0.113351434,2112.8167480468737,0,13.823183612823488,0,0
1780034596,0.03207292,0,0,-0.049976278,2112.8167480468737,0,13.823183612823488,0,0
1780034601,0.03207292,0,0,-0.035382103,2112.8167480468737,0,13.823183612823488,0,0
1780034606,0.03207292,0,0,0.032941878,2112.8167480468737,0,13.823183612823488,0,0
1780034611,0.031700607,0,0,0.045867197,2112.8167480468737,0,13.823183612823488,0,0
1780034616,0.031700607,0,0,-0.053874306,2112.8167480468737,0,13.823183612823488,0,0
1780034621,0.031690355,0,0,-0.07744984,2112.8167480468737,0,13.823183612823488,0,0
1780034626,0.031690355,0,0,-0.07539049,2112.8167480468737,0,13.823183612823488,0,0
1780034631,0.031690355,0,0,0.015321255,2112.8167480468737,0,13.823183612823488,0,0
1780034636,0.02034605,0,0,4.018665,2112.8167480468737,0,13.823183612823488,0,0
1780034641,0.03231069,0,0,0.06711824,2112.8167480468737,0,13.823183612823488,0,0
1780034646,0.03231069,0,0,0.15000023,2112.8167480468737,0,13.823183612823488,0,0
1780034651,0.03231069,0,0,0.08984134,2112.8167480468737,0,13.823183612823488,0,0
1780034656,0.026857065,0,0,0.68023705,2112.8167480468737,0,13.823183612823488,0,0
1780034661,0.032526832,0,0,-0.0029473128,2112.8167480468737,0,13.823183612823488,0,0
1780034666,0.032526832,0,0,0.06817506,2112.8167480468737,0,13.823183612823488,0,0
1780034671,0.032374993,0,0,0.05342563,2112.8167480468737,0,13.823183612823488,0,0
1780034676,0.03136323,0,0,0.017890366,2112.8167480468737,0,13.823183612823488,0,0
1780034681,0.030810533,0,0,0.030238774,2112.8167480468737,0,13.823183612823488,0,0
1780034686,0.030810533,0,0,0.07355867,2112.8167480468737,0,13.823183612823488,0,0
1780034691,0.03148672,0,0,-0.017684365,2112.8167480468737,0,13.823183612823488,0,0
1780034696,0.03148672,0,0,0.022849469,2112.8167480468737,0,13.823183612823488,0,0
1780034701,0.031020785,0,0,0.05944064,2112.8167480468737,0,13.823183612823488,0,0
1780034706,0.031020785,0,0,-0.014762265,2112.8167480468737,0,13.823183612823488,0,0
1780034711,0.03261949,0,0,0.021267748,2112.8167480468737,0,13.823183612823488,0,0
1780034716,0.03261949,0,0,0.06918897,2112.8167480468737,0,13.823183612823488,0,0
1780034721,0.03448537,0,0,0.39888677,2112.8167480468737,0,13.823183612823488,0,0
1780034726,0.03287028,0,0,0.020957677,2112.8167480468737,0,13.823183612823488,0,0
1780034731,0.03287028,0,0,0.053563345,2112.8167480468737,0,13.823183612823488,0,0
1780034736,0.032705225,0,0,-0.0037874822,2112.8167480468737,0,13.823183612823488,0,0
1780034741,0.027282426,0,0,0.54226226,2112.8167480468737,0,13.823183612823488,0,0
1780034746,0.033924952,0,0,0.27500597,2112.8167480468737,0,13.823183612823488,0,0
1780034751,0.03308133,0,0,0.024460554,2112.8167480468737,0,13.823183612823488,0,0
1780034756,0.03240369,0,0,-0.08374539,2112.8167480468737,0,13.823183612823488,0,0
1780034761,0.03240369,0,0,-0.08716116,2112.8167480468737,0,13.823183612823488,0,0
1780034766,0.03240369,0,0,-0.02905681,2112.8167480468737,0,13.823183612823488,0,0
1780034771,0.033386253,0,0,0.08510381,2112.8167480468737,0,13.823183612823488,0,0
1780034776,0.033386253,0,0,0.13143674,2112.8167480468737,0,13.823183612823488,0,0
1780034781,0.033386253,0,0,0.08645516,2112.8167480468737,0,13.823183612823488,0,0
1780034786,0.030955793,0,0,-0.19119146,2112.8167480468737,0,13.823183612823488,0,0
1780034791,0.030955793,0,0,-0.08866615,2112.8167480468737,0,13.823183612823488,0,0
1780034796,0.030955793,0,0,-0.099171214,2112.8167480468737,0,13.823183612823488,0,0
1780034801,0.030955793,0,0,-0.13146007,2112.8167480468737,0,13.823183612823488,0,0
1780034806,0.030729158,0,0,-0.132856,2112.8167480468737,0,13.823183612823488,0,0
1780034811,0.030729158,0,0,-0.047857247,2112.8167480468737,0,13.823183612823488,0,0
1780034816,0.030193625,0,0,-0.10118615,2112.8167480468737,0,13.823183612823488,0,0
1780034821,0.030730514,0,0,-0.08569788,2112.8167480468737,0,13.823183612823488,0,0
1780034826,0.030730514,0,0,-0.15651254,2112.8167480468737,0,13.823183612823488,0,0
1780034831,0.031002399,0,0,-0.10045751,2112.8167480468737,0,13.823183612823488,0,0
1780034836,0.031002399,0,0,-0.107141,2112.8167480468737,0,13.823183612823488,0,0
1780034841,0.031204678,0,0,-0.08641408,2112.8167480468737,0,13.823183612823488,0,0
1780034846,0.02601365,0,0,1.1592512,2112.8167480468737,0,13.823183612823488,0,0
1780034851,0.031806067,0,0,-0.081016,2112.8167480468737,0,13.823183612823488,0,0
1780034856,0.030566994,0,0,-0.08046715,2112.8167480468737,0,13.823183612823488,0,0
1780034861,0.030566994,0,0,-0.03966615,2112.8167480468737,0,13.823183612823488,0,0
1780034866,0.029910691,0,0,-0.031521205,2112.8167480468737,0,13.823183612823488,0,0
1780034871,0.03161108,0,0,0.007535107,2112.8167480468737,0,13.823183612823488,0,0
1780034876,0.03161108,0,0,-0.009411094,2112.8167480468737,0,13.823183612823488,0,0
1780034881,0.026454035,0,0,0.9102056,2112.8167480468737,0,13.823183612823488,0,0
1780034886,0.03163554,0,0,-0.12836067,2112.8167480468737,0,13.823183612823488,0,0
1780034891,0.031579893,0,0,-0.061244156,2112.8167480468737,0,13.823183612823488,0,0
1780034896,0.031579893,0,0,-0.10688941,2112.8167480468737,0,13.823183612823488,0,0
1780034901,0.031989448,0,0,-0.084602825,2112.8167480468737,0,13.823183612823488,0,0
1780034906,0.031989448,0,0,-0.10578718,2112.8167480468737,0,13.823183612823488,0,0
1780034911,0.032017916,0,0,-0.088778615,2112.8167480468737,0,13.823183612823488,0,0
1780034916,0.030754082,0,0,-0.13933884,2112.8167480468737,0,13.823183612823488,0,0
1780034921,0.030754082,0,0,-0.17048058,2112.8167480468737,0,13.823183612823488,0,0
1780034926,0.026203502,0,0,0.9907332,2112.8167480468737,0,13.823183612823488,0,0
1780034931,0.030711496,0,0,-0.09884196,2112.8167480468737,0,13.823183612823488,0,0
1780034936,0.030711496,0,0,-0.070002764,2112.8167480468737,0,13.823183612823488,0,0
1780034941,0.030711496,0,0,-0.16067514,2112.8167480468737,0,13.823183612823488,0,0
1780034946,0.030815728,0,0,-0.16564544,2112.8167480468737,0,13.823183612823488,0,0
1780034951,0.031488728,0,0,-0.10070345,2112.8167480468737,0,13.823183612823488,0,0
1780034956,0.031061431,0,0,-0.14525753,2112.8167480468737,0,13.823183612823488,0,0
1780034961,0.030750925,0,0,-0.19730574,2112.8167480468737,0,13.823183612823488,0,0
1780034966,0.030665534,0,0,-0.15580843,2112.8167480468737,0,13.823183612823488,0,0
1780034971,0.02438294,0,0,1.883154,2112.8167480468737,0,13.823183612823488,0,0
1780034976,0.030327354,0,0,-0.10711125,2112.8167480468737,0,13.823183612823488,0,0
1780034981,0.024328856,0,0,1.7705188,2112.8167480468737,0,13.823183612823488,0,0
1780034986,0.03050344,0,0,-0.072728485,2112.8167480468737,0,13.823183612823488,0,0
1780034991,0.030282263,0,0,0.001581159,2112.8167480468737,0,13.823183612823488,0,0
1780034996,0.026086487,0,0,0.86457205,2112.8167480468737,0,13.823183612823488,0,0
1780035001,0.029744387,0,0,-0.056804936,2112.8167480468737,0,13.823183612823488,0,0
1780035006,0.029841587,0,0,-0.048281044,2112.8167480468737,0,13.823183612823488,0,0
1780035011,0.029841587,0,0,-0.06375782,2112.8167480468737,0,13.823183612823488,0,0
1780035016,0.02925443,0,0,0.08948345,2112.8167480468737,0,13.823183612823488,0,0
1780035021,0.02925443,0,0,0.050253473,2112.8167480468737,0,13.823183612823488,0,0
1780035026,0.02841778,0,0,0.13430473,2112.8167480468737,0,13.823183612823488,0,0
1780035031,0.02841778,0,0,0.21782973,2112.8167480468737,0,13.823183612823488,0,0
1780035036,0.029489176,0,0,0.04585854,2112.8167480468737,0,13.823183612823488,0,0
1780035041,0.029489176,0,0,0.06162018,2112.8167480468737,0,13.823183612823488,0,0
1780035046,0.029942121,0,0,-0.013432029,2112.8167480468737,0,13.823183612823488,0,0
1780035051,0.031225972,0,0,0.057222974,2112.8167480468737,0,13.823183612823488,0,0
1780035056,0.031225972,0,0,0.037834574,2112.8167480468737,0,13.823183612823488,0,0
1780035061,0.032662794,0,0,0.075431496,2112.8167480468737,0,13.823183612823488,0,0
1780035066,0.032662794,0,0,0.06986516,2112.8167480468737,0,13.823183612823488,0,0
1780035071,0.03229275,0,0,-0.048286974,2112.8167480468737,0,13.823183612823488,0,0
1780035076,0.032817226,0,0,-0.0015083842,2112.8167480468737,0,13.823183612823488,0,0
1780035081,0.032817226,0,0,0.063719906,2112.8167480468737,0,13.823183612823488,0,0
1780035086,0.032817226,0,0,0.045621447,2112.8167480468737,0,13.823183612823488,0,0
1780035091,0.032138076,0,0,-0.017325971,2112.8167480468737,0,13.823183612823488,0,0
1780035096,0.031210955,0,0,-0.19039747,2112.8167480468737,0,13.823183612823488,0,0
1780035101,0.031210955,0,0,-0.11166776,2112.8167480468737,0,13.823183612823488,0,0
1780035106,0.031624902,0,0,-0.082209304,2112.8167480468737,0,13.823183612823488,0,0
1780035111,0.03167416,0,0,-0.12012782,2112.8167480468737,0,13.823183612823488,0,0
1780035116,0.03167416,0,0,-0.18446708,2112.8167480468737,0,13.823183612823488,0,0
1780035121,0.03175796,0,0,-0.09017582,2112.8167480468737,0,13.823183612823488,0,0
1780035126,0.03175796,0,0,-0.14201388,2112.8167480468737,0,13.823183612823488,0,0
1780035131,0.026881216,0,0,0.7245263,2112.8167480468737,0,13.823183612823488,0,0
1780035136,0.031487487,0,0,-0.120549925,2112.8167480468737,0,13.823183612823488,0,0
1780035141,0.0312569,0,0,-0.16567944,2112.8167480468737,0,13.823183612823488,0,0
1780035146,0.0312569,0,0,-0.16199273,2112.8167480468737,0,13.823183612823488,0,0
1780035151,0.030721748,0,0,-0.21166484,2112.8167480468737,0,13.823183612823488,0,0
1780035156,0.031262975,0,0,-0.13572739,2112.8167480468737,0,13.823183612823488,0,0
1780035161,0.031262975,0,0,-0.12677598,2112.8167480468737,0,13.823183612823488,0,0
1780035166,0.026673941,0,0,0.6826015,2112.8167480468737,0,13.823183612823488,0,0
1780035171,0.031956322,0,0,-0.12866504,2112.8167480468737,0,13.823183612823488,0,0
1780035176,0.031956322,0,0,-0.05702769,2112.8167480468737,0,13.823183612823488,0,0
1780035181,0.0326931,0,0,-0.009939081,2112.8167480468737,0,13.823183612823488,0,0
1780035186,0.03257365,0,0,-0.043619853,2112.8167480468737,0,13.823183612823488,0,0
1780035191,0.033147354,0,0,0.029090075,2112.8167480468737,0,13.823183612823488,0,0
1780035196,0.033147354,0,0,0.074752584,2112.8167480468737,0,13.823183612823488,0,0
1780035201,0.031552996,0,0,-0.2244901,2112.8167480468737,0,13.823183612823488,0,0
1780035206,0.031552996,0,0,-0.1974471,2112.8167480468737,0,13.823183612823488,0,0
1780035211,0.031552996,0,0,-0.20583071,2112.8167480468737,0,13.823183612823488,0,0
1780035216,0.030293077,0,0,-0.21271384,2112.8167480468737,0,13.823183612823488,0,0
1780035221,0.02901548,0,0,0.042087816,2112.8167480468737,0,13.823183612823488,0,0
1780035226,0.02901548,0,0,0.0075553795,2112.8167480468737,0,13.823183612823488,0,0
1780035231,0.027631002,0,0,0.3980818,2112.8167480468737,0,13.823183612823488,0,0
1780035236,0.02748346,0,0,0.4312436,2112.8167480468737,0,13.823183612823488,0,0
1780035241,0.02748346,0,0,0.4648243,2112.8167480468737,0,13.823183612823488,0,0
1780035246,0.026921613,0,0,0.590417,2112.8167480468737,0,13.823183612823488,0,0
1780035251,0.027950894,0,0,0.3374558,2112.8167480468737,0,13.823183612823488,0,0
1780035256,0.027950894,0,0,0.2621108,2112.8167480468737,0,13.823183612823488,0,0
1780035261,0.023745105,0,0,2.6204011,2112.8167480468737,0,13.823183612823488,0,0
1780035266,0.023510294,0,0,2.4226155,2112.8167480468737,0,13.823183612823488,0,0
1780035271,0.029228622,0,0,-0.024647992,2112.8167480468737,0,13.823183612823488,0,0
1780035276,0.029228622,0,0,-0.042981885,2112.8167480468737,0,13.823183612823488,0,0
1780035281,0.030820228,0,0,-0.2536958,2112.8167480468737,0,13.823183612823488,0,0
1780035286,0.030820228,0,0,-0.22864991,2112.8167480468737,0,13.823183612823488,0,0
1780035291,0.030820228,0,0,-0.21189597,2112.8167480468737,0,13.823183612823488,0,0
1780035296,0.031232087,0,0,-0.17149924,2112.8167480468737,0,13.823183612823488,0,0
1780035301,0.031232087,0,0,-0.21093188,2112.8167480468737,0,13.823183612823488,0,0
1780035306,0.031232087,0,0,-0.21327539,2112.8167480468737,0,13.823183612823488,0,0
1780035311,0.03258505,0,0,-0.0646696,2112.8167480468737,0,13.823183612823488,0,0
1780035316,0.03258505,0,0,-0.08292912,2112.8167480468737,0,13.823183612823488,0,0
1780035321,0.03258505,0,0,-0.09584809,2112.8167480468737,0,13.823183612823488,0,0
1780035326,0.030918902,0,0,-0.3209169,2112.8167480468737,0,13.823183612823488,0,0
1780035331,0.030365065,0,0,-0.20637076,2112.8167480468737,0,13.823183612823488,0,0
1780035336,0.030365065,0,0,-0.26592866,2112.8167480468737,0,13.823183612823488,0,0
1780035341,0.03026598,0,0,-0.2881439,2112.8167480468737,0,13.823183612823488,0,0
1780035346,0.03026598,0,0,-0.33637497,2112.8167480468737,0,13.823183612823488,0,0
1780035351,0.03026598,0,0,-0.3147575,2112.8167480468737,0,13.823183612823488,0,0
1780035356,0.024246272,0,0,3.1189792,2112.8167480468737,0,13.823183612823488,0,0
1780035361,0.029032892,0,0,-0.20769462,2112.8167480468737,0,13.823183612823488,0,0
1780035366,0.029032892,0,0,-0.086485215,2112.8167480468737,0,13.823183612823488,0,0
1780035371,0.030381357,0,0,-0.30734324,2112.8167480468737,0,13.823183612823488,0,0
1780035376,0.031915333,0,0,-0.21472147,2112.8167480468737,0,13.823183612823488,0,0
1780035381,0.031915333,0,0,-0.33617172,2112.8167480468737,0,13.823183612823488,0,0
1780035386,0.032387074,0,0,-0.15437137,2112.8167480468737,0,13.823183612823488,0,0
1780035391,0.032387074,0,0,-0.19650796,2112.8167480468737,0,13.823183612823488,0,0
1780035396,0.032568607,0,0,-0.10687791,2112.8167480468737,0,13.823183612823488,0,0
1780035401,0.034023136,0,0,0.3140052,2112.8167480468737,0,13.823183612823488,0,0
1780035406,0.034023136,0,0,0.52810705,2112.8167480468737,0,13.823183612823488,0,0
1780035411,0.034023136,0,0,0.44662195,2112.8167480468737,0,13.823183612823488,0,0
1780035416,0.033915613,0,0,0.45206484,2112.8167480468737,0,13.823183612823488,0,0
1780035421,0.033319306,0,0,0.15642425,2112.8167480468737,0,13.823183612823488,0,0
1780035426,0.033319306,0,0,0.08088312,2112.8167480468737,0,13.823183612823488,0,0
1780035431,0.03286752,0,0,-0.012598158,2112.8167480468737,0,13.823183612823488,0,0
1780035436,0.032843478,0,0,-0.0126105,2112.8167480468737,0,13.823183612823488,0,0
1780035441,0.032843478,0,0,-0.014246822,2112.8167480468737,0,13.823183612823488,0,0
1780035446,0.029670903,0,0,-0.25726697,2112.8167480468737,0,13.823183612823488,0,0
1780035451,0.029670903,0,0,-0.32935464,2112.8167480468737,0,13.823183612823488,0,0
1780035456,0.027206983,0,0,0.65436995,2112.8167480468737,0,13.823183612823488,0,0
1780035461,0.027206983,0,0,0.6268529,2112.8167480468737,0,13.823183612823488,0,0
1780035466,0.023079064,0,0,3.2799575,2112.8167480468737,0,13.823183612823488,0,0
1780035471,0.023079064,0,0,3.872643,2112.8167480468737,0,13.823183612823488,0,0
1780035476,0.018060258,0,0,9.155034,2112.8167480468737,0,13.823183612823488,0,0
1780035481,0.01724539,0,0,10.307885,2112.8167480468737,0,13.823183612823488,0,0
1780035486,0.01724539,0,0,8.778829,2112.8167480468737,0,13.823183612823488,0,0
1780035491,0.015770407,0,0,9.053173,2112.8167480468737,0,13.823183612823488,0,0
1780035496,0.015358893,0,0,9.432536,2112.8167480468737,0,13.823183612823488,0,0
1780035501,0.015358893,0,0,6.827733,2112.8167480468737,0,13.823183612823488,0,0
1780035506,0.012978103,0,0,10.158936,2112.8167480468737,0,13.823183612823488,0,0
1780035511,0.015059638,0,0,5.497838,2112.8167480468737,0,13.823183612823488,0,0
1780035516,0.015059638,0,0,4.6649384,2112.8167480468737,0,13.823183612823488,0,0
1780035521,0.014657262,0,0,4.0724277,2112.8167480468737,0,13.823183612823488,0,0
1780035526,0.01226257,0,0,3.748711,2112.8167480468737,0,13.823183612823488,0,0
1780035531,0.012135527,0,0,3.8736846,2112.8167480468737,0,13.823183612823488,0,0
1780035536,0.015183505,0,0,2.0601053,2112.8167480468737,0,13.823183612823488,0,0
1780035541,0.0154960565,0,0,2.1145442,2112.8167480468737,0,13.823183612823488,0,0
1780035546,0.015392362,0,0,1.7780588,2112.8167480468737,0,13.823183612823488,0,0
1780035551,0.015392362,0,0,1.4714384,2112.8167480468737,0,13.823183612823488,0,0
1780035556,0.015578636,0,0,1.5048535,2112.8167480468737,0,13.823183612823488,0,0
1780035561,0.013049271,0,0,2.0957322,2112.8167480468737,0,13.823183612823488,0,0
1780035566,0.016684422,0,0,1.0587758,2112.8167480468737,0,13.823183612823488,0,0
1780035571,0.016684422,0,0,1.0679142,2112.8167480468737,0,13.823183612823488,0,0
1780035576,0.016649956,0,0,0.9906436,2112.8167480468737,0,13.823183612823488,0,0
1780035581,0.016160937,0,0,1.0559351,2112.8167480468737,0,13.823183612823488,0,0
1780035586,0.016160937,0,0,1.0618111,2112.8167480468737,0,13.823183612823488,0,0
1780035591,0.012976963,0,0,1.441964,2112.8167480468737,0,13.823183612823488,0,0
1780035596,0.016391592,0,0,0.86564565,2112.8167480468737,0,13.823183612823488,0,0
1780035601,0.016391592,0,0,0.8171193,2112.8167480468737,0,13.823183612823488,0,0
1780035606,0.016191144,0,0,0.8065431,2112.8167480468737,0,13.823183612823488,0,0
1780035611,0.01315355,0,0,1.2038672,2112.8167480468737,0,13.823183612823488,0,0
1780035616,0.015968408,0,0,0.8107594,2112.8167480468737,0,13.823183612823488,0,0
1780035621,0.015968408,0,0,0.76844794,2112.8167480468737,0,13.823183612823488,0,0
1780035626,0.015460408,0,0,0.84338945,2112.8167480468737,0,13.823183612823488,0,0
1780035631,0.015460408,0,0,0.92059195,2112.8167480468737,0,13.823183612823488,0,0
1780035636,0.015117872,0,0,0.935188,2112.8167480468737,0,13.823183612823488,0,0
1780035641,0.015117872,0,0,0.94578284,2112.8167480468737,0,13.823183612823488,0,0
1780035646,0.015346374,0,0,0.9098872,2112.8167480468737,0,13.823183612823488,0,0
1780035651,0.015346374,0,0,1.0203518,2112.8167480468737,0,13.823183612823488,0,0
1780035656,0.015181627,0,0,0.9019264,2112.8167480468737,0,13.823183612823488,0,0
1780035661,0.012696774,0,0,1.3043741,2112.8167480468737,0,13.823183612823488,0,0
1780035666,0.015511254,0,0,0.8904364,2112.8167480468737,0,13.823183612823488,0,0
1780035671,0.015511254,0,0,0.8344388,2112.8167480468737,0,13.823183612823488,0,0
1780035676,0.015918327,0,0,0.866193,2112.8167480468737,0,13.823183612823488,0,0
1780035681,0.015906567,0,0,0.78716475,2112.8167480468737,0,13.823183612823488,0,0
1780035686,0.015973287,0,0,0.7801465,2112.8167480468737,0,13.823183612823488,0,0
1780035691,0.015973287,0,0,0.79539484,2112.8167480468737,0,13.823183612823488,0,0
1780035696,0.015924731,0,0,0.7739351,2112.8167480468737,0,13.823183612823488,0,0
1780035701,0.015924731,0,0,0.7524551,2112.8167480468737,0,13.823183612823488,0,0
1780035706,0.015845956,0,0,0.80011106,2112.8167480468737,0,13.823183612823488,0,0
1780035711,0.015877431,0,0,0.7742869,2112.8167480468737,0,13.823183612823488,0,0
1780035716,0.015877431,0,0,0.74888057,2112.8167480468737,0,13.823183612823488,0,0
1780035721,0.015877431,0,0,0.76835495,2112.8167480468737,0,13.823183612823488,0,0
1780035726,0.015876887,0,0,0.82584745,2112.8167480468737,0,13.823183612823488,0,0
1780035731,0.016302189,0,0,0.8556513,2112.8167480468737,0,13.823183612823488,0,0
1780035736,0.016302189,0,0,0.95742404,2112.8167480468737,0,13.823183612823488,0,0
1780035741,0.016518451,0,0,1.0336921,2112.8167480468737,0,13.823183612823488,0,0
1780035746,0.016518451,0,0,1.1171409,2112.8167480468737,0,13.823183612823488,0,0
1780035751,0.016470473,0,0,1.0710894,2112.8167480468737,0,13.823183612823488,0,0
1780035756,0.016708648,0,0,1.1342252,2112.8167480468737,0,13.823183612823488,0,0
1780035761,0.017527718,0,0,1.202894,2112.8167480468737,0,13.823183612823488,0,0
1780035766,0.017527718,0,0,1.3772256,2112.8167480468737,0,13.823183612823488,0,0
1780035771,0.015025291,0,0,2.7103016,2112.8167480468737,0,13.823183612823488,0,0
1780035776,0.01860125,0,0,1.5368198,2112.8167480468737,0,13.823183612823488,0,0
1780035781,0.01860125,0,0,2.0104344,2112.8167480468737,0,13.823183612823488,0,0
1780035786,0.01860125,0,0,2.4292314,2112.8167480468737,0,13.823183612823488,0,0
1780035791,0.018359937,0,0,3.2958615,2112.8167480468737,0,13.823183612823488,0,0
1780035796,0.021759138,0,0,1.0389613,2112.8167480468737,0,13.823183612823488,0,0
1780035801,0.02185672,0,0,2.6637897,2112.8167480468737,0,13.823183612823488,0,0
1780035806,0.02185672,0,0,3.4502263,2112.8167480468737,0,13.823183612823488,0,0
1780035811,0.022294067,0,0,3.5087554,2112.8167480468737,0,13.823183612823488,0,0
1780035816,0.018598454,0,0,17.49247,2112.8167480468737,0,13.823183612823488,1,1
1780035821,0.022613762,0,0,6.2957797,2112.8167480468737,0,13.823183612823488,0,0
1780035826,0.022613762,0,0,6.99837,2112.8167480468737,0,13.823183612823488,0,0
1780035831,0.022613762,0,0,8.133205,2112.8167480468737,0,13.823183612823488,0,0
1780035836,0.022708649,0,0,8.135012,2112.8167480468737,0,13.823183612823488,0,0
1780035841,0.022708649,0,0,12.008481,2112.8167480468737,0,13.823183612823488,0,0
1780035846,0.022708649,0,0,12.559072,2112.8167480468737,0,13.823183612823488,0,0
1780035851,0.02279565,0,0,15.153781,2112.8167480468737,0,13.823183612823488,1,1
1780035856,0.02279565,0,0,17.158936,2112.8167480468737,0,13.823183612823488,1,1
1780035861,0.023794454,0,0,9.868489,2112.8167480468737,0,13.823183612823488,0,0
1780035866,0.023794454,0,0,12.554941,2112.8167480468737,0,13.823183612823488,0,0
1780035871,0.022861417,0,0,27.974455,2112.8167480468737,0,13.823183612823488,1,1
1780035876,0.022861417,0,0,29.111132,2112.8167480468737,0,13.823183612823488,1,1
1780035881,0.021796094,0,0,63.24122,2112.8167480468737,0,13.823183612823488,1,1
1780035886,0.021796094,0,0,56.769196,2112.8167480468737,0,13.823183612823488,1,1
1780035891,0.021063622,0,0,92.94702,2112.8167480468737,0,13.823183612823488,1,1
1780035896,0.0204841,0,0,113.707375,2112.8167480468737,0,13.823183612823488,1,1
1780035901,0.0204841,0,0,127.38369,2112.8167480468737,0,13.823183612823488,1,1
1780035906,0.020761548,0,0,123.42267,2112.8167480468737,0,13.823183612823488,1,1
1780035911,0.02053749,0,0,178.76166,2112.8167480468737,0,13.823183612823488,1,1
1780035916,0.02053749,0,0,177.6334,2112.8167480468737,0,13.823183612823488,1,1
1780035921,0.02053749,0,0,188.8083,2112.8167480468737,0,13.823183612823488,1,1
1780035926,0.020636145,0,0,195.27527,2112.8167480468737,0,13.823183612823488,1,1
1780035931,0.021056509,0,0,234.9407,2112.8167480468737,0,13.823183612823488,1,1
1780035936,0.021056509,0,0,259.05463,2112.8167480468737,0,13.823183612823488,1,1
1780035941,0.02072646,0,0,306.3598,2112.8167480468737,0,13.823183612823488,1,1
1780035946,0.02072646,0,0,327.65717,2112.8167480468737,0,13.823183612823488,1,1
1780035951,0.0207818,0,0,361.37955,2112.8167480468737,0,13.823183612823488,1,1
1780035956,0.0207818,0,0,379.5335,2112.8167480468737,0,13.823183612823488,1,1
1780035961,0.0207818,0,0,430.66672,2112.8167480468737,0,13.823183612823488,1,1
1780035966,0.016694205,0,0,1693.7533,2112.8167480468737,0,13.823183612823488,1,1
1780035971,0.01845401,0,0,1135.6293,2112.8167480468737,0,13.823183612823488,1,1
1780035976,0.021117648,0,0,432.77124,2112.8167480468737,0,13.823183612823488,1,1
1780035981,0.021323275,0,0,348.94366,2112.8167480468737,0,13.823183612823488,1,1
1780035986,0.02187954,0,0,223.97523,2112.8167480468737,0,13.823183612823488,1,1
1780035991,0.021616774,0,0,254.32527,2112.8167480468737,0,13.823183612823488,1,1
1780035996,0.021616774,0,0,330.37207,2112.8167480468737,0,13.823183612823488,1,1
1780036001,0.021275813,0,0,407.12393,2112.8167480468737,0,13.823183612823488,1,1
1780036006,0.021275813,0,0,416.83173,2112.8167480468737,0,13.823183612823488,1,1
1780036011,0.021099757,0,0,445.35095,2112.8167480468737,0,13.823183612823488,1,1
1780036016,0.021929597,0,0,218.14516,2112.8167480468737,0,13.823183612823488,1,1
1780036021,0.021929597,0,0,213.72345,2112.8167480468737,0,13.823183612823488,1,1
1780036026,0.021943627,0,0,257.1505,2112.8167480468737,0,13.823183612823488,1,1
1780036031,0.01856437,0,0,2093.6516,2112.8167480468737,0,13.823183612823488,1,1
1780036036,0.02247028,0,0,53.469513,2112.8167480468737,0,13.823183612823488,1,1
1780036041,0.0229147,0,0,6.4258246,2112.8167480468737,0,13.823183612823488,0,0
1780036046,0.02787197,0,0,2865.2139,2112.8167480468737,1,13.823183612823488,1,1
1780036051,0.029786948,0,0,5441.04,2112.8167480468737,1,13.823183612823488,1,1
1780036056,0.029786948,0,0,6353.2837,2112.8167480468737,1,13.823183612823488,1,1
1780036061,0.037753288,0,0,33861.87,2112.8167480468737,1,13.823183612823488,1,1
1780036066,0.037753288,0,0,34218.742,2112.8167480468737,1,13.823183612823488,1,1
1780036071,0.037753288,0,0,36348.156,2112.8167480468737,1,13.823183612823488,1,1
1780036076,0.031408276,0,0,12298.744,2112.8167480468737,1,13.823183612823488,1,1
1780036081,0.0482897,0,0,97250.78,2112.8167480468737,1,13.823183612823488,1,1
1780036086,0.0482897,0,0,117635.89,2112.8167480468737,1,13.823183612823488,1,1
1780036091,0.049110156,0,0,104868.18,2112.8167480468737,1,13.823183612823488,1,1
1780036096,0.050299734,0,0,111274.32,2112.8167480468737,1,13.823183612823488,1,1
1780036101,0.050299734,0,0,91153.87,2112.8167480468737,1,13.823183612823488,1,1
1780036106,0.050567262,0,0,90440.19,2112.8167480468737,1,13.823183612823488,1,1
1780036111,0.050567262,0,0,77219.14,2112.8167480468737,1,13.823183612823488,1,1
1780036116,0.050567262,0,0,81522.21,2112.8167480468737,1,13.823183612823488,1,1
1780036121,0.0418904,0,0,30397.492,2112.8167480468737,1,13.823183612823488,1,1
1780036126,0.051021907,0,0,61557.46,2112.8167480468737,1,13.823183612823488,1,1
1780036131,0.051021907,0,0,52952.074,2112.8167480468737,1,13.823183612823488,1,1
1780036136,0.043062206,0,0,22224.178,2112.8167480468737,1,13.823183612823488,1,1
1780036141,0.050764795,0,0,35706.883,2112.8167480468737,1,13.823183612823488,1,1
1780036146,0.050764795,0,0,37509.457,2112.8167480468737,1,13.823183612823488,1,1
1780036151,0.05108697,0,0,42873.027,2112.8167480468737,1,13.823183612823488,1,1
1780036156,0.05108697,0,0,33620.074,2112.8167480468737,1,13.823183612823488,1,1
1780036161,0.050987415,0,0,25783.941,2112.8167480468737,1,13.823183612823488,1,1
1780036166,0.05099283,0,0,18714.809,2112.8167480468737,1,13.823183612823488,1,1
1780036171,0.05099283,0,0,20549.219,2112.8167480468737,1,13.823183612823488,1,1
1780036176,0.050044972,0,0,16328.688,2112.8167480468737,1,13.823183612823488,1,1
1780036181,0.049403336,0,0,13018.099,2112.8167480468737,1,13.823183612823488,1,1
1780036186,0.049403336,0,0,10117.98,2112.8167480468737,1,13.823183612823488,1,1
1780036191,0.05063964,0,0,11530.228,2112.8167480468737,1,13.823183612823488,1,1
1780036196,0.05063964,0,0,12157.6,2112.8167480468737,1,13.823183612823488,1,1
1780036201,0.04161111,0,0,3408.6843,2112.8167480468737,1,13.823183612823488,1,1
1780036206,0.050412204,0,0,7286.483,2112.8167480468737,1,13.823183612823488,1,1
1780036211,0.050412204,0,0,6146.679,2112.8167480468737,1,13.823183612823488,1,1
1780036216,0.050412204,0,0,8539.598,2112.8167480468737,1,13.823183612823488,1,1
1780036221,0.05080872,0,0,8847.953,2112.8167480468737,1,13.823183612823488,1,1
1780036226,0.05080872,0,0,7628.172,2112.8167480468737,1,13.823183612823488,1,1
1780036231,0.05080872,0,0,6608.9272,2112.8167480468737,1,13.823183612823488,1,1
1780036236,0.040859323,0,0,2159.1067,2112.8167480468737,1,13.823183612823488,1,1
1780036241,0.04912356,0,0,4462.452,2112.8167480468737,1,13.823183612823488,1,1
1780036246,0.04912356,0,0,3797.721,2112.8167480468737,1,13.823183612823488,1,1
1780036251,0.051429622,0,0,3886.9568,2112.8167480468737,1,13.823183612823488,1,1
1780036256,0.051429622,0,0,4087.0278,2112.8167480468737,1,13.823183612823488,1,1
1780036261,0.051288027,0,0,3153.8147,2112.8167480468737,1,13.823183612823488,1,1
1780036266,0.052197672,0,0,3320.9785,2112.8167480468737,1,13.823183612823488,1,1
1780036271,0.052197672,0,0,1750.7274,2112.8167480468737,0,13.823183612823488,1,1
1780036276,0.04396378,0,0,808.51373,2112.8167480468737,0,13.823183612823488,1,1
1780036281,0.053804453,0,0,2113.8254,2112.8167480468737,1,13.823183612823488,1,1
1780036286,0.053804453,0,0,1896.0193,2112.8167480468737,0,13.823183612823488,1,1
1780036291,0.053804453,0,0,1633.3147,2112.8167480468737,0,13.823183612823488,1,1
1780036296,0.05291078,0,0,1236.6959,2112.8167480468737,0,13.823183612823488,1,1
1780036301,0.051389225,0,0,1130.6777,2112.8167480468737,0,13.823183612823488,1,1
1780036306,0.051389225,0,0,1044.6981,2112.8167480468737,0,13.823183612823488,1,1
1780036311,0.051602647,0,0,706.4532,2112.8167480468737,0,13.823183612823488,1,1
1780036316,0.050771236,0,0,640.2882,2112.8167480468737,0,13.823183612823488,1,1
1780036321,0.049888995,0,0,506.31165,2112.8167480468737,0,13.823183612823488,1,1
1780036326,0.049888995,0,0,462.88824,2112.8167480468737,0,13.823183612823488,1,1
1780036331,0.049888995,0,0,419.76718,2112.8167480468737,0,13.823183612823488,1,1
1780036336,0.049920745,0,0,318.9201,2112.8167480468737,0,13.823183612823488,1,1
1780036341,0.049651753,0,0,243.9175,2112.8167480468737,0,13.823183612823488,1,1
1780036346,0.049651753,0,0,152.67989,2112.8167480468737,0,13.823183612823488,1,1
1780036351,0.04744821,0,0,151.57007,2112.8167480468737,0,13.823183612823488,1,1
1780036356,0.0463648,0,0,84.06679,2112.8167480468737,0,13.823183612823488,1,1
1780036361,0.047541775,0,0,77.67672,2112.8167480468737,0,13.823183612823488,1,1
1780036366,0.047541775,0,0,61.619465,2112.8167480468737,0,13.823183612823488,1,1
1780036371,0.047541775,0,0,47.566795,2112.8167480468737,0,13.823183612823488,1,1
1780036376,0.03096805,0,0,-0.49517718,2112.8167480468737,0,13.823183612823488,0,0
1780036381,0.046788946,0,0,57.46405,2112.8167480468737,0,13.823183612823488,1,1
1780036386,0.046788946,0,0,51.447956,2112.8167480468737,0,13.823183612823488,1,1
1780036391,0.047370616,0,0,41.45596,2112.8167480468737,0,13.823183612823488,1,1
1780036396,0.049407404,0,0,55.91984,2112.8167480468737,0,13.823183612823488,1,1
1780036401,0.049407404,0,0,38.92106,2112.8167480468737,0,13.823183612823488,1,1
1780036406,0.049322307,0,0,45.140583,2112.8167480468737,0,13.823183612823488,1,1
1780036411,0.048931986,0,0,44.7094,2112.8167480468737,0,13.823183612823488,1,1
1780036416,0.048931986,0,0,49.10138,2112.8167480468737,0,13.823183612823488,1,1
1780036421,0.04081196,0,0,10.5475645,2112.8167480468737,0,13.823183612823488,0,0
1780036426,0.050005294,0,0,38.15895,2112.8167480468737,0,13.823183612823488,1,1
1780036431,0.050005294,0,0,34.093056,2112.8167480468737,0,13.823183612823488,1,1
1780036436,0.04097781,0,0,6.554399,2112.8167480468737,0,13.823183612823488,0,0
1780036441,0.04971628,0,0,29.242064,2112.8167480468737,0,13.823183612823488,1,1
1780036446,0.04971628,0,0,18.208353,2112.8167480468737,0,13.823183612823488,1,1
1780036451,0.049668618,0,0,25.061647,2112.8167480468737,0,13.823183612823488,1,1
1780036456,0.049668618,0,0,20.603745,2112.8167480468737,0,13.823183612823488,1,1
1780036461,0.049668618,0,0,27.517138,2112.8167480468737,0,13.823183612823488,1,1
1780036466,0.049693678,0,0,21.243212,2112.8167480468737,0,13.823183612823488,1,1
1780036471,0.049693678,0,0,24.197067,2112.8167480468737,0,13.823183612823488,1,1
1780036476,0.049693678,0,0,21.436169,2112.8167480468737,0,13.823183612823488,1,1
1780036481,0.041797843,0,0,6.578483,2112.8167480468737,0,13.823183612823488,0,0
1780036486,0.050266825,0,0,19.323784,2112.8167480468737,0,13.823183612823488,1,1
1780036491,0.050266825,0,0,20.312803,2112.8167480468737,0,13.823183612823488,1,1
1780036496,0.04229632,0,0,6.3641996,2112.8167480468737,0,13.823183612823488,0,0
1780036501,0.05080243,0,0,20.507229,2112.8167480468737,0,13.823183612823488,1,1
1780036506,0.05080243,0,0,21.448381,2112.8167480468737,0,13.823183612823488,1,1
1780036511,0.050638393,0,0,21.369091,2112.8167480468737,0,13.823183612823488,1,1
1780036516,0.049661282,0,0,15.345537,2112.8167480468737,0,13.823183612823488,1,1
1780036521,0.049661282,0,0,21.098957,2112.8167480468737,0,13.823183612823488,1,1
1780036526,0.049674187,0,0,18.833206,2112.8167480468737,0,13.823183612823488,1,1
1780036531,0.049674187,0,0,21.219715,2112.8167480468737,0,13.823183612823488,1,1
1780036536,0.049674187,0,0,17.557608,2112.8167480468737,0,13.823183612823488,1,1
1780036541,0.031319626,0,0,-0.34166864,2112.8167480468737,0,13.823183612823488,0,0
1780036546,0.050862152,0,0,25.46792,2112.8167480468737,0,13.823183612823488,1,1
1780036551,0.050862152,0,0,23.17784,2112.8167480468737,0,13.823183612823488,1,1
1780036556,0.050862152,0,0,19.354279,2112.8167480468737,0,13.823183612823488,1,1
1780036561,0.05156901,0,0,29.128557,2112.8167480468737,0,13.823183612823488,1,1
1780036566,0.05156901,0,0,21.43695,2112.8167480468737,0,13.823183612823488,1,1
1780036571,0.05156901,0,0,29.970629,2112.8167480468737,0,13.823183612823488,1,1
1780036576,0.0518132,0,0,21.392576,2112.8167480468737,0,13.823183612823488,1,1
1780036581,0.05192456,0,0,27.761757,2112.8167480468737,0,13.823183612823488,1,1
1780036586,0.05106946,0,0,21.413918,2112.8167480468737,0,13.823183612823488,1,1
1780036591,0.05106946,0,0,20.943825,2112.8167480468737,0,13.823183612823488,1,1
1780036596,0.042208698,0,0,4.902929,2112.8167480468737,0,13.823183612823488,0,0
1780036601,0.051414326,0,0,17.20579,2112.8167480468737,0,13.823183612823488,1,1
1780036606,0.052095905,0,0,35.079594,2112.8167480468737,0,13.823183612823488,1,1
1780036611,0.052095905,0,0,29.132914,2112.8167480468737,0,13.823183612823488,1,1
1780036616,0.05264213,0,0,28.908514,2112.8167480468737,0,13.823183612823488,1,1
1780036621,0.05286049,0,0,24.13653,2112.8167480468737,0,13.823183612823488,1,1
1780036626,0.05290235,0,0,33.041676,2112.8167480468737,0,13.823183612823488,1,1
1780036631,0.05290235,0,0,32.577545,2112.8167480468737,0,13.823183612823488,1,1
1780036636,0.05290235,0,0,22.196154,2112.8167480468737,0,13.823183612823488,1,1
1780036641,0.045590065,0,0,9.170719,2112.8167480468737,0,13.823183612823488,0,0
1780036646,0.052311957,0,0,37.822224,2112.8167480468737,0,13.823183612823488,1,1
1780036651,0.052311957,0,0,41.791878,2112.8167480468737,0,13.823183612823488,1,1
1780036656,0.052844465,0,0,42.837463,2112.8167480468737,0,13.823183612823488,1,1
1780036661,0.05242243,0,0,38.501812,2112.8167480468737,0,13.823183612823488,1,1
1780036666,0.05173827,0,0,50.6266,2112.8167480468737,0,13.823183612823488,1,1
1780036671,0.05173827,0,0,54.269157,2112.8167480468737,0,13.823183612823488,1,1
1780036676,0.051389363,0,0,26.193222,2112.8167480468737,0,13.823183612823488,1,1
1780036681,0.042479448,0,0,9.7279415,2112.8167480468737,0,13.823183612823488,0,0
1780036686,0.042871233,0,0,17.670496,2112.8167480468737,0,13.823183612823488,1,1
1780036691,0.0512492,0,0,35.63281,2112.8167480468737,0,13.823183612823488,1,1
1780036696,0.04418065,0,0,13.786404,2112.8167480468737,0,13.823183612823488,0,0
1780036701,0.050644364,0,0,33.435764,2112.8167480468737,0,13.823183612823488,1,1
1780036706,0.049601026,0,0,35.96276,2112.8167480468737,0,13.823183612823488,1,1
1780036711,0.049601026,0,0,47.291653,2112.8167480468737,0,13.823183612823488,1,1
1780036716,0.050748773,0,0,48.266994,2112.8167480468737,0,13.823183612823488,1,1
1780036721,0.050748773,0,0,35.899532,2112.8167480468737,0,13.823183612823488,1,1
1780036726,0.051131,0,0,27.376966,2112.8167480468737,0,13.823183612823488,1,1
1780036731,0.05110794,0,0,64.20993,2112.8167480468737,0,13.823183612823488,1,1
1780036736,0.05110794,0,0,35.103405,2112.8167480468737,0,13.823183612823488,1,1
1780036741,0.05110794,0,0,19.41008,2112.8167480468737,0,13.823183612823488,1,1
1780036746,0.05162564,0,0,41.36832,2112.8167480468737,0,13.823183612823488,1,1
1780036751,0.05162564,0,0,39.682926,2112.8167480468737,0,13.823183612823488,1,1
1780036756,0.05083394,0,0,22.183737,2112.8167480468737,0,13.823183612823488,1,1
1780036761,0.049897917,0,0,25.956308,2112.8167480468737,0,13.823183612823488,1,1
1780036766,0.04311873,0,0,11.831021,2112.8167480468737,0,13.823183612823488,0,0
1780036771,0.049669836,0,0,35.518284,2112.8167480468737,0,13.823183612823488,1,1
1780036776,0.049173567,0,0,39.964115,2112.8167480468737,0,13.823183612823488,1,1
1780036781,0.049728144,0,0,31.161661,2112.8167480468737,0,13.823183612823488,1,1
1780036786,0.049728144,0,0,32.061787,2112.8167480468737,0,13.823183612823488,1,1
1780036791,0.049488038,0,0,30.484522,2112.8167480468737,0,13.823183612823488,1,1
1780036796,0.041423414,0,0,5.2627215,2112.8167480468737,0,13.823183612823488,0,0
1780036801,0.050095357,0,0,29.053846,2112.8167480468737,0,13.823183612823488,1,1
1780036806,0.05066765,0,0,39.597652,2112.8167480468737,0,13.823183612823488,1,1
1780036811,0.05016729,0,0,32.339455,2112.8167480468737,0,13.823183612823488,1,1
1780036816,0.050594106,0,0,30.557428,2112.8167480468737,0,13.823183612823488,1,1
1780036821,0.050594106,0,0,52.89848,2112.8167480468737,0,13.823183612823488,1,1
1780036826,0.05044948,0,0,31.241135,2112.8167480468737,0,13.823183612823488,1,1
1780036831,0.05008719,0,0,41.65755,2112.8167480468737,0,13.823183612823488,1,1
1780036836,0.05070571,0,0,49.86646,2112.8167480468737,0,13.823183612823488,1,1
1780036841,0.041655555,0,0,5.97044,2112.8167480468737,0,13.823183612823488,0,0
1780036846,0.0503551,0,0,31.895658,2112.8167480468737,0,13.823183612823488,1,1
1780036851,0.05189803,0,0,55.110672,2112.8167480468737,0,13.823183612823488,1,1
1780036856,0.05189803,0,0,38.23327,2112.8167480468737,0,13.823183612823488,1,1
1780036861,0.0539317,0,0,51.491657,2112.8167480468737,0,13.823183612823488,1,1
1780036866,0.0539317,0,0,42.025578,2112.8167480468737,0,13.823183612823488,1,1
1780036871,0.048208535,0,0,26.176174,2112.8167480468737,0,13.823183612823488,1,1
1780036876,0.05483536,0,0,45.871582,2112.8167480468737,0,13.823183612823488,1,1
1780036881,0.05483536,0,0,61.78029,2112.8167480468737,0,13.823183612823488,1,1
1780036886,0.055297807,0,0,45.9679,2112.8167480468737,0,13.823183612823488,1,1
1780036891,0.053814717,0,0,58.72659,2112.8167480468737,0,13.823183612823488,1,1
1780036896,0.05306125,0,0,42.035366,2112.8167480468737,0,13.823183612823488,1,1
1780036901,0.05169961,0,0,24.958517,2112.8167480468737,0,13.823183612823488,1,1
1780036906,0.05169961,0,0,38.90834,2112.8167480468737,0,13.823183612823488,1,1
1780036911,0.050452087,0,0,37.98546,2112.8167480468737,0,13.823183612823488,1,1
1780036916,0.04859567,0,0,27.57828,2112.8167480468737,0,13.823183612823488,1,1
1780036921,0.039837144,0,0,6.3950253,2112.8167480468737,0,13.823183612823488,0,0
1780036926,0.046100546,0,0,27.117355,2112.8167480468737,0,13.823183612823488,1,1
1780036931,0.045612324,0,0,23.12883,2112.8167480468737,0,13.823183612823488,1,1
1780036936,0.04469253,0,0,16.865656,2112.8167480468737,0,13.823183612823488,1,1
1780036941,0.04469253,0,0,12.0292635,2112.8167480468737,0,13.823183612823488,0,0
1780036946,0.03801733,0,0,4.5782175,2112.8167480468737,0,13.823183612823488,0,0
1780036951,0.045186594,0,0,26.695776,2112.8167480468737,0,13.823183612823488,1,1
1780036956,0.045186594,0,0,18.465973,2112.8167480468737,0,13.823183612823488,1,1
1780036961,0.045747448,0,0,21.608965,2112.8167480468737,0,13.823183612823488,1,1
1780036966,0.045747448,0,0,21.84848,2112.8167480468737,0,13.823183612823488,1,1
1780036971,0.045467597,0,0,24.67442,2112.8167480468737,0,13.823183612823488,1,1
1780036976,0.04588258,0,0,17.572979,2112.8167480468737,0,13.823183612823488,1,1
1780036981,0.04588258,0,0,13.836106,2112.8167480468737,0,13.823183612823488,1,1
1780036986,0.03936802,0,0,10.409067,2112.8167480468737,0,13.823183612823488,0,0
1780036991,0.03914894,0,0,5.435843,2112.8167480468737,0,13.823183612823488,0,0
1780036996,0.045892157,0,0,18.709879,2112.8167480468737,0,13.823183612823488,1,1
1780037001,0.039539788,0,0,5.912031,2112.8167480468737,0,13.823183612823488,0,0
1780037006,0.04772463,0,0,22.533398,2112.8167480468737,0,13.823183612823488,1,1
1780037011,0.048431445,0,0,27.033007,2112.8167480468737,0,13.823183612823488,1,1
1780037016,0.049204748,0,0,26.469751,2112.8167480468737,0,13.823183612823488,1,1
1780037021,0.050355446,0,0,20.34601,2112.8167480468737,0,13.823183612823488,1,1
1780037026,0.050355446,0,0,27.939869,2112.8167480468737,0,13.823183612823488,1,1
1780037031,0.044358633,0,0,15.428655,2112.8167480468737,0,13.823183612823488,1,1
1780037036,0.052675735,0,0,32.461826,2112.8167480468737,0,13.823183612823488,1,1
1780037041,0.052675735,0,0,28.779385,2112.8167480468737,0,13.823183612823488,1,1
1780037046,0.052675735,0,0,24.410608,2112.8167480468737,0,13.823183612823488,1,1
1780037051,0.053531535,0,0,32.71967,2112.8167480468737,0,13.823183612823488,1,1
1780037056,0.053531535,0,0,49.70672,2112.8167480468737,0,13.823183612823488,1,1
1780037061,0.053531535,0,0,31.970934,2112.8167480468737,0,13.823183612823488,1,1
1780037066,0.0521343,0,0,28.97521,2112.8167480468737,0,13.823183612823488,1,1
1780037071,0.0521343,0,0,65.59533,2112.8167480468737,0,13.823183612823488,1,1
1780037076,0.0426794,0,0,36.15512,2112.8167480468737,0,13.823183612823488,1,1
1780037081,0.049158536,0,0,38.721455,2112.8167480468737,0,13.823183612823488,1,1
1780037086,0.049158536,0,0,34.107853,2112.8167480468737,0,13.823183612823488,1,1
1780037091,0.04655403,0,0,34.38958,2112.8167480468737,0,13.823183612823488,1,1
1780037096,0.04350899,0,0,18.15929,2112.8167480468737,0,13.823183612823488,1,1
1780037101,0.04350899,0,0,14.063276,2112.8167480468737,0,13.823183612823488,1,1
1780037106,0.037228346,0,0,5.710515,2112.8167480468737,0,13.823183612823488,0,0
1780037111,0.040326238,0,0,9.785684,2112.8167480468737,0,13.823183612823488,0,0
1780037116,0.040326238,0,0,11.742358,2112.8167480468737,0,13.823183612823488,0,0
1780037121,0.040326238,0,0,12.922399,2112.8167480468737,0,13.823183612823488,0,0
1780037126,0.039150573,0,0,7.568387,2112.8167480468737,0,13.823183612823488,0,0
1780037131,0.039150573,0,0,7.6049004,2112.8167480468737,0,13.823183612823488,0,0
1780037136,0.039150573,0,0,8.589021,2112.8167480468737,0,13.823183612823488,0,0
1780037141,0.04217103,0,0,12.904089,2112.8167480468737,0,13.823183612823488,0,0
1780037146,0.04217103,0,0,10.322,2112.8167480468737,0,13.823183612823488,0,0
1780037151,0.03698572,0,0,4.99044,2112.8167480468737,0,13.823183612823488,0,0
1780037156,0.04407391,0,0,14.788596,2112.8167480468737,0,13.823183612823488,1,1
1780037161,0.04407391,0,0,15.142151,2112.8167480468737,0,13.823183612823488,1,1
1780037166,0.04407391,0,0,10.12237,2112.8167480468737,0,13.823183612823488,0,0
1780037171,0.043822978,0,0,15.485816,2112.8167480468737,0,13.823183612823488,1,1
1780037176,0.043822978,0,0,14.8181305,2112.8167480468737,0,13.823183612823488,1,1
1780037181,0.042704392,0,0,9.896457,2112.8167480468737,0,13.823183612823488,0,0
1780037186,0.041339047,0,0,6.4797845,2112.8167480468737,0,13.823183612823488,0,0
1780037191,0.04069933,0,0,5.2444153,2112.8167480468737,0,13.823183612823488,0,0
1780037196,0.04069933,0,0,7.8557568,2112.8167480468737,0,13.823183612823488,0,0
1780037201,0.04010427,0,0,5.021272,2112.8167480468737,0,13.823183612823488,0,0
1780037206,0.04017214,0,0,4.9904437,2112.8167480468737,0,13.823183612823488,0,0
1780037211,0.033326957,0,0,1.4230602,2112.8167480468737,0,13.823183612823488,0,0
1780037216,0.03925231,0,0,8.121815,2112.8167480468737,0,13.823183612823488,0,0
1780037221,0.03952343,0,0,6.0174813,2112.8167480468737,0,13.823183612823488,0,0
1780037226,0.03952343,0,0,8.221286,2112.8167480468737,0,13.823183612823488,0,0
1780037231,0.039798085,0,0,8.35969,2112.8167480468737,0,13.823183612823488,0,0
1780037236,0.04101822,0,0,11.372862,2112.8167480468737,0,13.823183612823488,0,0
1780037241,0.041722197,1,0,14.234172,2112.8167480468737,0,13.823183612823488,1,1
1780037246,0.041722197,1,0,9.658779,2112.8167480468737,0,13.823183612823488,0,1
1780037251,0.034250524,1,0,1.6141472,2112.8167480468737,0,13.823183612823488,0,1
1780037256,0.030708147,1,0,0.057562582,2112.8167480468737,0,13.823183612823488,0,1
1780037261,0.027165772,1,0,0.57868844,2112.8167480468737,0,13.823183612823488,0,1
1780037266,0.02513992,1,0,1.9238852,2112.8167480468737,0,13.823183612823488,0,1
1780037271,0.021462128,1,0,5.161521,2112.8167480468737,0,13.823183612823488,0,1
1780037276,0.017784335,1,0,9.806322,2112.8167480468737,0,13.823183612823488,0,1
